Timestamp,Game ID,Date,Home Team,Home Score,Away Team,Away Score,Status
2025-02-23 02:40:17,0022400807,2025-02-22 04:30 PM ET,PHI,86,BKN,89,Q4 7:18
2025-02-23 02:40:17,0022400808,2025-02-22 05:30 PM ET,DEN,46,LAL,55,Q2 2:22
2025-02-23 02:40:17,0022400809,2025-02-22 06:30 PM ET,UTA,0,HOU,0,9:30 pm ET
2025-02-23 02:40:17,0022400810,2025-02-22 07:00 PM ET,POR,0,CHA,0,10:00 pm ET
2025-02-23 02:40:17,0022400807,2025-02-22 04:30 PM ET,PHI,86,BKN,89,Q4 7:18
2025-02-23 02:40:17,0022400808,2025-02-22 05:30 PM ET,DEN,46,LAL,55,Q2 2:22
2025-02-23 02:40:17,0022400809,2025-02-22 06:30 PM ET,UTA,0,HOU,0,9:30 pm ET
2025-02-23 02:40:17,0022400810,2025-02-22 07:00 PM ET,POR,0,CHA,0,10:00 pm ET
2025-02-23 02:40:20,0022400807,2025-02-22 04:30 PM ET,PHI,86,BKN,89,Q4 7:18
2025-02-23 02:40:20,0022400808,2025-02-22 05:30 PM ET,DEN,46,LAL,55,Q2 2:22
2025-02-23 02:40:20,0022400809,2025-02-22 06:30 PM ET,UTA,0,HOU,0,9:30 pm ET
2025-02-23 02:40:20,0022400810,2025-02-22 07:00 PM ET,POR,0,CHA,0,10:00 pm ET
2025-02-23 02:40:20,0022400807,2025-02-22 04:30 PM ET,PHI,86,BKN,89,Q4 7:18
2025-02-23 02:40:20,0022400808,2025-02-22 05:30 PM ET,DEN,46,LAL,55,Q2 2:22
2025-02-23 02:40:20,0022400809,2025-02-22 06:30 PM ET,UTA,0,HOU,0,9:30 pm ET
2025-02-23 02:40:20,0022400810,2025-02-22 07:00 PM ET,POR,0,CHA,0,10:00 pm ET
2025-02-23 02:40:48,0022400807,2025-02-22 04:30 PM ET,PHI,86,BKN,89,4th Qtr             
2025-02-23 02:40:48,0022400808,2025-02-22 05:30 PM ET,DEN,49,LAL,58,2nd Qtr             
2025-02-23 02:40:48,0022400809,2025-02-22 06:30 PM ET,UTA,0,HOU,0,9:30 pm ET
2025-02-23 02:40:48,0022400810,2025-02-22 07:00 PM ET,POR,0,CHA,0,10:00 pm ET
2025-02-23 02:40:51,0022400807,2025-02-22 04:30 PM ET,PHI,86,BKN,89,Q4 7:18
2025-02-23 02:40:51,0022400808,2025-02-22 05:30 PM ET,DEN,49,LAL,58,Q2 1:48
2025-02-23 02:40:51,0022400809,2025-02-22 06:30 PM ET,UTA,0,HOU,0,9:30 pm ET
2025-02-23 02:40:51,0022400810,2025-02-22 07:00 PM ET,POR,0,CHA,0,10:00 pm ET
2025-02-23 02:41:18,0022400807,2025-02-22 04:30 PM ET,PHI,86,BKN,89,4th Qtr             
2025-02-23 02:41:18,0022400808,2025-02-22 05:30 PM ET,DEN,52,LAL,58,2nd Qtr             
2025-02-23 02:41:18,0022400809,2025-02-22 06:30 PM ET,UTA,0,HOU,0,Tipoff              
2025-02-23 02:41:18,0022400810,2025-02-22 07:00 PM ET,POR,0,CHA,0,10:00 pm ET
2025-02-23 02:41:21,0022400807,2025-02-22 04:30 PM ET,PHI,86,BKN,89,4th Qtr             
2025-02-23 02:41:21,0022400808,2025-02-22 05:30 PM ET,DEN,52,LAL,58,2nd Qtr             
2025-02-23 02:41:21,0022400809,2025-02-22 06:30 PM ET,UTA,0,HOU,0,Tipoff              
2025-02-23 02:41:21,0022400810,2025-02-22 07:00 PM ET,POR,0,CHA,0,10:00 pm ET
2025-02-23 02:41:48,0022400807,2025-02-22 04:30 PM ET,PHI,86,BKN,89,Q4 7:18
2025-02-23 02:41:49,0022400808,2025-02-22 05:30 PM ET,DEN,52,LAL,60,Q2 :55.8
2025-02-23 02:41:49,0022400809,2025-02-22 06:30 PM ET,UTA,0,HOU,0,Q1 11:29
2025-02-23 02:41:49,0022400810,2025-02-22 07:00 PM ET,POR,0,CHA,0,10:00 pm ET
2025-02-23 02:41:51,0022400807,2025-02-22 04:30 PM ET,PHI,86,BKN,89,Q4 7:18
2025-02-23 02:41:51,0022400808,2025-02-22 05:30 PM ET,DEN,52,LAL,60,Q2 :55.8
2025-02-23 02:41:52,0022400809,2025-02-22 06:30 PM ET,UTA,0,HOU,0,Q1 11:29
2025-02-23 02:41:52,0022400810,2025-02-22 07:00 PM ET,POR,0,CHA,0,10:00 pm ET
2025-02-23 02:42:19,0022400807,2025-02-22 04:30 PM ET,PHI,86,BKN,89,4th Qtr             
2025-02-23 02:42:19,0022400808,2025-02-22 05:30 PM ET,DEN,52,LAL,63,2nd Qtr             
2025-02-23 02:42:19,0022400809,2025-02-22 06:30 PM ET,UTA,2,HOU,0,1st Qtr             
2025-02-23 02:42:19,0022400810,2025-02-22 07:00 PM ET,POR,0,CHA,0,10:00 pm ET
2025-02-23 02:42:22,0022400807,2025-02-22 04:30 PM ET,PHI,86,BKN,89,Q4 6:57
2025-02-23 02:42:22,0022400808,2025-02-22 05:30 PM ET,DEN,52,LAL,63,Q2 :23.7
2025-02-23 02:42:22,0022400809,2025-02-22 06:30 PM ET,UTA,2,HOU,0,Q1 11:03
2025-02-23 02:42:22,0022400810,2025-02-22 07:00 PM ET,POR,0,CHA,0,10:00 pm ET
2025-02-23 02:42:49,0022400807,2025-02-22 04:30 PM ET,PHI,86,BKN,89,Q4 6:57
2025-02-23 02:42:49,0022400808,2025-02-22 05:30 PM ET,DEN,52,LAL,63,Q2 :23.7
2025-02-23 02:42:49,0022400809,2025-02-22 06:30 PM ET,UTA,2,HOU,2,Q1 10:23
2025-02-23 02:42:49,0022400810,2025-02-22 07:00 PM ET,POR,0,CHA,0,10:00 pm ET
2025-02-23 02:42:52,0022400807,2025-02-22 04:30 PM ET,PHI,86,BKN,89,Q4 6:57
2025-02-23 02:42:52,0022400808,2025-02-22 05:30 PM ET,DEN,52,LAL,63,Q2 :23.7
2025-02-23 02:42:52,0022400809,2025-02-22 06:30 PM ET,UTA,2,HOU,2,Q1 10:23
2025-02-23 02:42:52,0022400810,2025-02-22 07:00 PM ET,POR,0,CHA,0,10:00 pm ET
2025-02-23 02:43:20,0022400807,2025-02-22 04:30 PM ET,PHI,86,BKN,89,4th Qtr             
2025-02-23 02:43:20,0022400808,2025-02-22 05:30 PM ET,DEN,53,LAL,63,2nd Qtr             
2025-02-23 02:43:20,0022400809,2025-02-22 06:30 PM ET,UTA,2,HOU,2,1st Qtr             
2025-02-23 02:43:20,0022400810,2025-02-22 07:00 PM ET,POR,0,CHA,0,10:00 pm ET
2025-02-23 02:43:23,0022400807,2025-02-22 04:30 PM ET,PHI,86,BKN,91,4th Qtr             
2025-02-23 02:43:23,0022400808,2025-02-22 05:30 PM ET,DEN,54,LAL,63,2nd Qtr             
2025-02-23 02:43:23,0022400809,2025-02-22 06:30 PM ET,UTA,2,HOU,2,1st Qtr             
2025-02-23 02:43:23,0022400810,2025-02-22 07:00 PM ET,POR,0,CHA,0,10:00 pm ET
2025-02-23 02:43:50,0022400807,2025-02-22 04:30 PM ET,PHI,86,BKN,92,4th Qtr             
2025-02-23 02:43:50,0022400808,2025-02-22 05:30 PM ET,DEN,54,LAL,63,2nd Qtr             
2025-02-23 02:43:50,0022400809,2025-02-22 06:30 PM ET,UTA,2,HOU,4,1st Qtr             
2025-02-23 02:43:51,0022400810,2025-02-22 07:00 PM ET,POR,0,CHA,0,10:00 pm ET
2025-02-23 02:43:53,0022400807,2025-02-22 04:30 PM ET,PHI,86,BKN,92,4th Qtr             
2025-02-23 02:43:53,0022400808,2025-02-22 05:30 PM ET,DEN,54,LAL,63,2nd Qtr             
2025-02-23 02:43:53,0022400809,2025-02-22 06:30 PM ET,UTA,2,HOU,4,1st Qtr             
2025-02-23 02:43:53,0022400810,2025-02-22 07:00 PM ET,POR,0,CHA,0,10:00 pm ET
2025-02-23 02:44:21,0022400807,2025-02-22 04:30 PM ET,PHI,88,BKN,94,Q4 5:39
2025-02-23 02:44:21,0022400808,2025-02-22 05:30 PM ET,DEN,54,LAL,63,Half
2025-02-23 02:44:21,0022400809,2025-02-22 06:30 PM ET,UTA,2,HOU,4,Q1 9:36
2025-02-23 02:44:21,0022400810,2025-02-22 07:00 PM ET,POR,0,CHA,0,10:00 pm ET
2025-02-23 02:44:23,0022400807,2025-02-22 04:30 PM ET,PHI,88,BKN,94,Q4 5:39
2025-02-23 02:44:23,0022400808,2025-02-22 05:30 PM ET,DEN,54,LAL,63,Half
2025-02-23 02:44:24,0022400809,2025-02-22 06:30 PM ET,UTA,2,HOU,4,Q1 9:36
2025-02-23 02:44:24,0022400810,2025-02-22 07:00 PM ET,POR,0,CHA,0,10:00 pm ET
2025-02-23 02:44:51,0022400807,2025-02-22 04:30 PM ET,PHI,88,BKN,94,Q4 5:29
2025-02-23 02:44:51,0022400808,2025-02-22 05:30 PM ET,DEN,54,LAL,63,Half
2025-02-23 02:44:51,0022400809,2025-02-22 06:30 PM ET,UTA,2,HOU,6,Q1 9:36
2025-02-23 02:44:52,0022400810,2025-02-22 07:00 PM ET,POR,0,CHA,0,10:00 pm ET
2025-02-23 02:44:54,0022400807,2025-02-22 04:30 PM ET,PHI,88,BKN,94,Q4 5:29
2025-02-23 02:44:54,0022400808,2025-02-22 05:30 PM ET,DEN,54,LAL,63,Half
2025-02-23 02:44:54,0022400809,2025-02-22 06:30 PM ET,UTA,2,HOU,6,Q1 9:36
2025-02-23 02:44:54,0022400810,2025-02-22 07:00 PM ET,POR,0,CHA,0,10:00 pm ET
2025-02-23 02:45:22,0022400807,2025-02-22 04:30 PM ET,PHI,90,BKN,94,4th Qtr             
2025-02-23 02:45:22,0022400808,2025-02-22 05:30 PM ET,DEN,54,LAL,63,Halftime            
2025-02-23 02:45:22,0022400809,2025-02-22 06:30 PM ET,UTA,2,HOU,8,1st Qtr             
2025-02-23 02:45:22,0022400810,2025-02-22 07:00 PM ET,POR,0,CHA,0,10:00 pm ET
2025-02-23 02:45:24,0022400807,2025-02-22 04:30 PM ET,PHI,90,BKN,94,4th Qtr             
2025-02-23 02:45:24,0022400808,2025-02-22 05:30 PM ET,DEN,54,LAL,63,Halftime            
2025-02-23 02:45:24,0022400809,2025-02-22 06:30 PM ET,UTA,2,HOU,8,1st Qtr             
2025-02-23 02:45:24,0022400810,2025-02-22 07:00 PM ET,POR,0,CHA,0,10:00 pm ET
2025-02-23 02:45:52,0022400807,2025-02-22 04:30 PM ET,PHI,92,BKN,94,Q4 4:44
2025-02-23 02:45:52,0022400808,2025-02-22 05:30 PM ET,DEN,54,LAL,63,Half
2025-02-23 02:45:52,0022400809,2025-02-22 06:30 PM ET,UTA,2,HOU,8,Q1 8:40
2025-02-23 02:45:53,0022400810,2025-02-22 07:00 PM ET,POR,0,CHA,0,10:00 pm ET
2025-02-23 02:45:55,0022400807,2025-02-22 04:30 PM ET,PHI,92,BKN,94,4th Qtr             
2025-02-23 02:45:55,0022400808,2025-02-22 05:30 PM ET,DEN,54,LAL,63,Halftime            
2025-02-23 02:45:55,0022400809,2025-02-22 06:30 PM ET,UTA,2,HOU,8,1st Qtr             
2025-02-23 02:45:55,0022400810,2025-02-22 07:00 PM ET,POR,0,CHA,0,10:00 pm ET
2025-02-23 02:46:23,0022400807,2025-02-22 04:30 PM ET,PHI,92,BKN,94,Q4 4:27
2025-02-23 02:46:23,0022400808,2025-02-22 05:30 PM ET,DEN,54,LAL,63,Half
2025-02-23 02:46:23,0022400809,2025-02-22 06:30 PM ET,UTA,4,HOU,8,Q1 8:06
2025-02-23 02:46:23,0022400810,2025-02-22 07:00 PM ET,POR,0,CHA,0,10:00 pm ET
2025-02-23 02:46:25,0022400807,2025-02-22 04:30 PM ET,PHI,92,BKN,94,Q4 4:27
2025-02-23 02:46:25,0022400808,2025-02-22 05:30 PM ET,DEN,54,LAL,63,Half
2025-02-23 02:46:25,0022400809,2025-02-22 06:30 PM ET,UTA,4,HOU,8,Q1 8:06
2025-02-23 02:46:25,0022400810,2025-02-22 07:00 PM ET,POR,0,CHA,0,10:00 pm ET
2025-02-23 02:46:53,0022400807,2025-02-22 04:30 PM ET,PHI,92,BKN,94,Q4 4:27
2025-02-23 02:46:53,0022400808,2025-02-22 05:30 PM ET,DEN,54,LAL,63,Half
2025-02-23 02:46:53,0022400809,2025-02-22 06:30 PM ET,UTA,6,HOU,8,Q1 7:42
2025-02-23 02:46:53,0022400810,2025-02-22 07:00 PM ET,POR,0,CHA,0,10:00 pm ET
2025-02-23 02:46:55,0022400807,2025-02-22 04:30 PM ET,PHI,92,BKN,94,Q4 4:27
2025-02-23 02:46:55,0022400808,2025-02-22 05:30 PM ET,DEN,54,LAL,63,Half
2025-02-23 02:46:56,0022400809,2025-02-22 06:30 PM ET,UTA,6,HOU,8,Q1 7:42
2025-02-23 02:46:56,0022400810,2025-02-22 07:00 PM ET,POR,0,CHA,0,10:00 pm ET
2025-02-23 02:47:24,0022400807,2025-02-22 04:30 PM ET,PHI,92,BKN,94,4th Qtr             
2025-02-23 02:47:24,0022400808,2025-02-22 05:30 PM ET,DEN,54,LAL,63,Halftime            
2025-02-23 02:47:24,0022400809,2025-02-22 06:30 PM ET,UTA,9,HOU,11,1st Qtr             
2025-02-23 02:47:24,0022400810,2025-02-22 07:00 PM ET,POR,0,CHA,0,10:00 pm ET
2025-02-23 02:47:26,0022400807,2025-02-22 04:30 PM ET,PHI,92,BKN,94,4th Qtr             
2025-02-23 02:47:26,0022400808,2025-02-22 05:30 PM ET,DEN,54,LAL,63,Halftime            
2025-02-23 02:47:26,0022400809,2025-02-22 06:30 PM ET,UTA,9,HOU,11,1st Qtr             
2025-02-23 02:47:26,0022400810,2025-02-22 07:00 PM ET,POR,0,CHA,0,10:00 pm ET
2025-02-22 18:47:52,0022400806,2025-02-22 02:00 PM PST,CHI,117,PHX,121,Final
2025-02-22 18:47:52,0022400807,2025-02-22 04:30 PM PST,PHI,92,BKN,94,4th Qtr             
2025-02-22 18:47:53,0022400808,2025-02-22 05:30 PM PST,DEN,54,LAL,63,Halftime            
2025-02-22 18:47:53,0022400809,2025-02-22 06:30 PM PST,UTA,11,HOU,11,1st Qtr             
2025-02-22 18:47:53,0022400810,2025-02-22 07:00 PM PST,POR,0,CHA,0,10:00 pm ET
2025-02-22 18:47:53,0022400806,2025-02-22 02:00 PM PST,CHI,117,PHX,121,Final
2025-02-22 18:47:53,0022400807,2025-02-22 04:30 PM PST,PHI,92,BKN,94,4th Qtr             
2025-02-22 18:47:53,0022400808,2025-02-22 05:30 PM PST,DEN,54,LAL,63,Halftime            
2025-02-22 18:47:53,0022400809,2025-02-22 06:30 PM PST,UTA,11,HOU,11,1st Qtr             
2025-02-22 18:47:53,0022400810,2025-02-22 07:00 PM PST,POR,0,CHA,0,10:00 pm ET
2025-02-22 18:47:55,0022400806,2025-02-22 02:00 PM PST,CHI,117,PHX,121,Final
2025-02-22 18:47:55,0022400807,2025-02-22 04:30 PM PST,PHI,92,BKN,94,4th Qtr             
2025-02-22 18:47:56,0022400808,2025-02-22 05:30 PM PST,DEN,54,LAL,63,Halftime            
2025-02-22 18:47:56,0022400809,2025-02-22 06:30 PM PST,UTA,11,HOU,11,1st Qtr             
2025-02-22 18:47:56,0022400810,2025-02-22 07:00 PM PST,POR,0,CHA,0,10:00 pm ET
2025-02-22 18:47:56,0022400806,2025-02-22 02:00 PM PST,CHI,117,PHX,121,Final
2025-02-22 18:47:56,0022400807,2025-02-22 04:30 PM PST,PHI,92,BKN,94,4th Qtr             
2025-02-22 18:47:56,0022400808,2025-02-22 05:30 PM PST,DEN,54,LAL,63,Halftime            
2025-02-22 18:47:56,0022400809,2025-02-22 06:30 PM PST,UTA,11,HOU,11,1st Qtr             
2025-02-22 18:47:56,0022400810,2025-02-22 07:00 PM PST,POR,0,CHA,0,10:00 pm ET
2025-02-22 18:48:24,0022400807,2025-02-22 04:30 PM PST,PHI,95,BKN,94,Q4 4:06
2025-02-22 18:48:24,0022400808,2025-02-22 05:30 PM PST,DEN,54,LAL,63,Half
2025-02-22 18:48:24,0022400809,2025-02-22 06:30 PM PST,UTA,11,HOU,13,Q1 6:32
2025-02-22 18:48:24,0022400806,2025-02-22 02:00 PM PST,CHI,117,PHX,121,Final
2025-02-22 18:48:24,0022400810,2025-02-22 07:00 PM PST,POR,0,CHA,0,10:00 pm ET
2025-02-22 18:48:27,0022400807,2025-02-22 04:30 PM PST,PHI,95,BKN,94,Q4 3:57
2025-02-22 18:48:27,0022400808,2025-02-22 05:30 PM PST,DEN,54,LAL,63,Half
2025-02-22 18:48:27,0022400809,2025-02-22 06:30 PM PST,UTA,11,HOU,13,Q1 6:32
2025-02-22 18:48:27,0022400806,2025-02-22 02:00 PM PST,CHI,117,PHX,121,Final
2025-02-22 18:48:27,0022400810,2025-02-22 07:00 PM PST,POR,0,CHA,0,10:00 pm ET
2025-02-22 18:48:54,0022400806,2025-02-22 02:00 PM PST,CHI,117,PHX,121,Final
2025-02-22 18:48:54,0022400807,2025-02-22 04:30 PM PST,PHI,97,BKN,94,4th Qtr             
2025-02-22 18:48:54,0022400808,2025-02-22 05:30 PM PST,DEN,54,LAL,63,Halftime            
2025-02-22 18:48:54,0022400809,2025-02-22 06:30 PM PST,UTA,11,HOU,13,1st Qtr             
2025-02-22 18:48:54,0022400810,2025-02-22 07:00 PM PST,POR,0,CHA,0,10:00 pm ET
2025-02-22 18:48:57,0022400806,2025-02-22 02:00 PM PST,CHI,117,PHX,121,Final
2025-02-22 18:48:57,0022400807,2025-02-22 04:30 PM PST,PHI,97,BKN,94,4th Qtr             
2025-02-22 18:48:57,0022400808,2025-02-22 05:30 PM PST,DEN,54,LAL,63,Halftime            
2025-02-22 18:48:57,0022400809,2025-02-22 06:30 PM PST,UTA,11,HOU,13,1st Qtr             
2025-02-22 18:48:57,0022400810,2025-02-22 07:00 PM PST,POR,0,CHA,0,10:00 pm ET
2025-02-22 18:49:25,0022400806,2025-02-22 02:00 PM PST,CHI,117,PHX,121,Final
2025-02-22 18:49:25,0022400807,2025-02-22 04:30 PM PST,PHI,97,BKN,97,4th Qtr             
2025-02-22 18:49:25,0022400808,2025-02-22 05:30 PM PST,DEN,54,LAL,63,Halftime            
2025-02-22 18:49:25,0022400809,2025-02-22 06:30 PM PST,UTA,11,HOU,13,1st Qtr             
2025-02-22 18:49:25,0022400810,2025-02-22 07:00 PM PST,POR,0,CHA,0,10:00 pm ET
2025-02-22 18:49:28,0022400806,2025-02-22 02:00 PM PST,CHI,117,PHX,121,Final
2025-02-22 18:49:28,0022400807,2025-02-22 04:30 PM PST,PHI,97,BKN,97,4th Qtr             
2025-02-22 18:49:28,0022400808,2025-02-22 05:30 PM PST,DEN,54,LAL,63,Halftime            
2025-02-22 18:49:28,0022400809,2025-02-22 06:30 PM PST,UTA,11,HOU,13,1st Qtr             
2025-02-22 18:49:28,0022400810,2025-02-22 07:00 PM PST,POR,0,CHA,0,10:00 pm ET
2025-02-22 18:49:55,0022400807,2025-02-22 04:30 PM PST,PHI,97,BKN,97,Q4 3:10
2025-02-22 18:49:55,0022400808,2025-02-22 05:30 PM PST,DEN,54,LAL,63,Half
2025-02-22 18:49:55,0022400809,2025-02-22 06:30 PM PST,UTA,11,HOU,13,Q1 6:11
2025-02-22 18:49:55,0022400806,2025-02-22 02:00 PM PST,CHI,117,PHX,121,Final
2025-02-22 18:49:56,0022400810,2025-02-22 07:00 PM PST,POR,0,CHA,0,10:00 pm ET
2025-02-22 18:49:58,0022400807,2025-02-22 04:30 PM PST,PHI,97,BKN,97,Q4 3:10
2025-02-22 18:49:58,0022400808,2025-02-22 05:30 PM PST,DEN,54,LAL,63,Half
2025-02-22 18:49:58,0022400809,2025-02-22 06:30 PM PST,UTA,11,HOU,13,Q1 6:11
2025-02-22 18:49:59,0022400806,2025-02-22 02:00 PM PST,CHI,117,PHX,121,Final
2025-02-22 18:49:59,0022400810,2025-02-22 07:00 PM PST,POR,0,CHA,0,10:00 pm ET
2025-02-22 18:50:26,0022400807,2025-02-22 04:30 PM PST,PHI,97,BKN,97,Q4 3:10
2025-02-22 18:50:26,0022400808,2025-02-22 05:30 PM PST,DEN,54,LAL,63,Half
2025-02-22 18:50:26,0022400809,2025-02-22 06:30 PM PST,UTA,11,HOU,13,Q1 6:11
2025-02-22 18:50:26,0022400806,2025-02-22 02:00 PM PST,CHI,117,PHX,121,Final
2025-02-22 18:50:26,0022400810,2025-02-22 07:00 PM PST,POR,0,CHA,0,10:00 pm ET
2025-02-22 18:50:29,0022400807,2025-02-22 04:30 PM PST,PHI,97,BKN,97,Q4 3:10
2025-02-22 18:50:29,0022400808,2025-02-22 05:30 PM PST,DEN,54,LAL,63,Half
2025-02-22 18:50:29,0022400809,2025-02-22 06:30 PM PST,UTA,11,HOU,13,Q1 6:11
2025-02-22 18:50:29,0022400806,2025-02-22 02:00 PM PST,CHI,117,PHX,121,Final
2025-02-22 18:50:29,0022400810,2025-02-22 07:00 PM PST,POR,0,CHA,0,10:00 pm ET
2025-02-22 18:50:56,0022400806,2025-02-22 02:00 PM PST,CHI,117,PHX,121,Final
2025-02-22 18:50:56,0022400807,2025-02-22 04:30 PM PST,PHI,97,BKN,97,4th Qtr             
2025-02-22 18:50:56,0022400808,2025-02-22 05:30 PM PST,DEN,54,LAL,63,Halftime            
2025-02-22 18:50:57,0022400809,2025-02-22 06:30 PM PST,UTA,11,HOU,13,1st Qtr             
2025-02-22 18:50:57,0022400810,2025-02-22 07:00 PM PST,POR,0,CHA,0,10:00 pm ET
2025-02-22 18:51:00,0022400806,2025-02-22 02:00 PM PST,CHI,117,PHX,121,Final
2025-02-22 18:51:00,0022400807,2025-02-22 04:30 PM PST,PHI,97,BKN,97,4th Qtr             
2025-02-22 18:51:00,0022400808,2025-02-22 05:30 PM PST,DEN,54,LAL,63,Halftime            
2025-02-22 18:51:00,0022400809,2025-02-22 06:30 PM PST,UTA,11,HOU,13,1st Qtr             
2025-02-22 18:51:00,0022400810,2025-02-22 07:00 PM PST,POR,0,CHA,0,10:00 pm ET
2025-02-22 18:51:27,0022400806,2025-02-22 02:00 PM PST,CHI,117,PHX,121,Final
2025-02-22 18:51:27,0022400807,2025-02-22 04:30 PM PST,PHI,100,BKN,97,4th Qtr             
2025-02-22 18:51:27,0022400808,2025-02-22 05:30 PM PST,DEN,54,LAL,63,Halftime            
2025-02-22 18:51:27,0022400809,2025-02-22 06:30 PM PST,UTA,11,HOU,13,1st Qtr             
2025-02-22 18:51:27,0022400810,2025-02-22 07:00 PM PST,POR,0,CHA,0,10:00 pm ET
2025-02-22 18:51:30,0022400806,2025-02-22 02:00 PM PST,CHI,117,PHX,121,Final
2025-02-22 18:51:30,0022400807,2025-02-22 04:30 PM PST,PHI,100,BKN,97,4th Qtr             
2025-02-22 18:51:31,0022400808,2025-02-22 05:30 PM PST,DEN,54,LAL,63,Halftime            
2025-02-22 18:51:31,0022400809,2025-02-22 06:30 PM PST,UTA,11,HOU,13,1st Qtr             
2025-02-22 18:51:31,0022400810,2025-02-22 07:00 PM PST,POR,0,CHA,0,10:00 pm ET
2025-02-22 18:51:57,0022400807,2025-02-22 04:30 PM PST,PHI,100,BKN,99,Q4 2:21
2025-02-22 18:51:57,0022400808,2025-02-22 05:30 PM PST,DEN,54,LAL,63,Half
2025-02-22 18:51:58,0022400809,2025-02-22 06:30 PM PST,UTA,11,HOU,13,Q1 6:11
2025-02-22 18:51:58,0022400806,2025-02-22 02:00 PM PST,CHI,117,PHX,121,Final
2025-02-22 18:51:58,0022400810,2025-02-22 07:00 PM PST,POR,0,CHA,0,10:00 pm ET
2025-02-22 18:52:01,0022400807,2025-02-22 04:30 PM PST,PHI,100,BKN,99,Q4 2:12
2025-02-22 18:52:01,0022400808,2025-02-22 05:30 PM PST,DEN,54,LAL,63,Half
2025-02-22 18:52:01,0022400809,2025-02-22 06:30 PM PST,UTA,11,HOU,13,Q1 6:11
2025-02-22 18:52:01,0022400806,2025-02-22 02:00 PM PST,CHI,117,PHX,121,Final
2025-02-22 18:52:01,0022400810,2025-02-22 07:00 PM PST,POR,0,CHA,0,10:00 pm ET
2025-02-22 18:52:28,0022400806,2025-02-22 02:00 PM PST,CHI,117,PHX,121,Final
2025-02-22 18:52:28,0022400807,2025-02-22 04:30 PM PST,PHI,100,BKN,102,4th Qtr             
2025-02-22 18:52:28,0022400808,2025-02-22 05:30 PM PST,DEN,54,LAL,63,Halftime            
2025-02-22 18:52:28,0022400809,2025-02-22 06:30 PM PST,UTA,12,HOU,13,1st Qtr             
2025-02-22 18:52:28,0022400810,2025-02-22 07:00 PM PST,POR,0,CHA,0,10:00 pm ET
2025-02-22 18:52:31,0022400806,2025-02-22 02:00 PM PST,CHI,117,PHX,121,Final
2025-02-22 18:52:32,0022400807,2025-02-22 04:30 PM PST,PHI,100,BKN,102,4th Qtr             
2025-02-22 18:52:32,0022400808,2025-02-22 05:30 PM PST,DEN,54,LAL,63,Halftime            
2025-02-22 18:52:32,0022400809,2025-02-22 06:30 PM PST,UTA,12,HOU,13,1st Qtr             
2025-02-22 18:52:32,0022400810,2025-02-22 07:00 PM PST,POR,0,CHA,0,10:00 pm ET
2025-02-22 18:52:59,0022400806,2025-02-22 02:00 PM PST,CHI,117,PHX,121,Final
2025-02-22 18:52:59,0022400807,2025-02-22 04:30 PM PST,PHI,100,BKN,102,4th Qtr             
2025-02-22 18:52:59,0022400808,2025-02-22 05:30 PM PST,DEN,54,LAL,63,Halftime            
2025-02-22 18:52:59,0022400809,2025-02-22 06:30 PM PST,UTA,12,HOU,13,1st Qtr             
2025-02-22 18:52:59,0022400810,2025-02-22 07:00 PM PST,POR,0,CHA,0,10:00 pm ET
2025-02-22 18:53:02,0022400806,2025-02-22 02:00 PM PST,CHI,117,PHX,121,Final
2025-02-22 18:53:02,0022400807,2025-02-22 04:30 PM PST,PHI,100,BKN,102,4th Qtr             
2025-02-22 18:53:02,0022400808,2025-02-22 05:30 PM PST,DEN,54,LAL,63,Halftime            
2025-02-22 18:53:02,0022400809,2025-02-22 06:30 PM PST,UTA,12,HOU,13,1st Qtr             
2025-02-22 18:53:02,0022400810,2025-02-22 07:00 PM PST,POR,0,CHA,0,10:00 pm ET
2025-02-22 18:53:29,0022400807,2025-02-22 04:30 PM PST,PHI,100,BKN,102,Q4 1:08
2025-02-22 18:53:29,0022400808,2025-02-22 05:30 PM PST,DEN,54,LAL,63,Half
2025-02-22 18:53:29,0022400809,2025-02-22 06:30 PM PST,UTA,14,HOU,15,Q1 5:05
2025-02-22 18:53:29,0022400806,2025-02-22 02:00 PM PST,CHI,117,PHX,121,Final
2025-02-22 18:53:29,0022400810,2025-02-22 07:00 PM PST,POR,0,CHA,0,10:00 pm ET
2025-02-22 18:53:32,0022400807,2025-02-22 04:30 PM PST,PHI,100,BKN,102,Q4 1:08
2025-02-22 18:53:33,0022400808,2025-02-22 05:30 PM PST,DEN,54,LAL,63,Half
2025-02-22 18:53:33,0022400809,2025-02-22 06:30 PM PST,UTA,14,HOU,15,Q1 4:56
2025-02-22 18:53:33,0022400806,2025-02-22 02:00 PM PST,CHI,117,PHX,121,Final
2025-02-22 18:53:33,0022400810,2025-02-22 07:00 PM PST,POR,0,CHA,0,10:00 pm ET
2025-02-22 18:54:00,0022400806,2025-02-22 02:00 PM PST,CHI,117,PHX,121,Final
2025-02-22 18:54:00,0022400807,2025-02-22 04:30 PM PST,PHI,100,BKN,103,4th Qtr             
2025-02-22 18:54:00,0022400808,2025-02-22 05:30 PM PST,DEN,54,LAL,63,Halftime            
2025-02-22 18:54:00,0022400809,2025-02-22 06:30 PM PST,UTA,14,HOU,15,1st Qtr             
2025-02-22 18:54:00,0022400810,2025-02-22 07:00 PM PST,POR,0,CHA,0,10:00 pm ET
2025-02-22 18:54:03,0022400806,2025-02-22 02:00 PM PST,CHI,117,PHX,121,Final
2025-02-22 18:54:03,0022400807,2025-02-22 04:30 PM PST,PHI,100,BKN,103,4th Qtr             
2025-02-22 18:54:03,0022400808,2025-02-22 05:30 PM PST,DEN,54,LAL,63,Halftime            
2025-02-22 18:54:03,0022400809,2025-02-22 06:30 PM PST,UTA,14,HOU,15,1st Qtr             
2025-02-22 18:54:03,0022400810,2025-02-22 07:00 PM PST,POR,0,CHA,0,10:00 pm ET
2025-02-22 18:54:30,0022400806,2025-02-22 02:00 PM PST,CHI,117,PHX,121,Final
2025-02-22 18:54:30,0022400807,2025-02-22 04:30 PM PST,PHI,100,BKN,103,4th Qtr             
2025-02-22 18:54:30,0022400808,2025-02-22 05:30 PM PST,DEN,54,LAL,63,Halftime            
2025-02-22 18:54:31,0022400809,2025-02-22 06:30 PM PST,UTA,14,HOU,16,1st Qtr             
2025-02-22 18:54:31,0022400810,2025-02-22 07:00 PM PST,POR,0,CHA,0,10:00 pm ET
2025-02-22 18:54:34,0022400806,2025-02-22 02:00 PM PST,CHI,117,PHX,121,Final
2025-02-22 18:54:34,0022400807,2025-02-22 04:30 PM PST,PHI,100,BKN,103,4th Qtr             
2025-02-22 18:54:34,0022400808,2025-02-22 05:30 PM PST,DEN,54,LAL,63,Halftime            
2025-02-22 18:54:34,0022400809,2025-02-22 06:30 PM PST,UTA,14,HOU,16,1st Qtr             
2025-02-22 18:54:34,0022400810,2025-02-22 07:00 PM PST,POR,0,CHA,0,10:00 pm ET
2025-02-22 18:55:01,0022400806,2025-02-22 02:00 PM PST,CHI,117,PHX,121,Final
2025-02-22 18:55:01,0022400807,2025-02-22 04:30 PM PST,PHI,103,BKN,103,4th Qtr             
2025-02-22 18:55:01,0022400808,2025-02-22 05:30 PM PST,DEN,54,LAL,63,Halftime            
2025-02-22 18:55:01,0022400809,2025-02-22 06:30 PM PST,UTA,14,HOU,19,1st Qtr             
2025-02-22 18:55:01,0022400810,2025-02-22 07:00 PM PST,POR,0,CHA,0,10:00 pm ET
2025-02-22 18:55:04,0022400806,2025-02-22 02:00 PM PST,CHI,117,PHX,121,Final
2025-02-22 18:55:04,0022400807,2025-02-22 04:30 PM PST,PHI,103,BKN,103,4th Qtr             
2025-02-22 18:55:04,0022400808,2025-02-22 05:30 PM PST,DEN,54,LAL,63,Halftime            
2025-02-22 18:55:04,0022400809,2025-02-22 06:30 PM PST,UTA,14,HOU,19,1st Qtr             
2025-02-22 18:55:05,0022400810,2025-02-22 07:00 PM PST,POR,0,CHA,0,10:00 pm ET
2025-02-22 18:55:31,0022400807,2025-02-22 04:30 PM PST,PHI,103,BKN,105,Q4 :00.0
2025-02-22 18:55:32,0022400808,2025-02-22 05:30 PM PST,DEN,54,LAL,63,Half
2025-02-22 18:55:32,0022400809,2025-02-22 06:30 PM PST,UTA,14,HOU,19,Q1 4:18
2025-02-22 18:55:32,0022400806,2025-02-22 02:00 PM PST,CHI,117,PHX,121,Final
2025-02-22 18:55:32,0022400810,2025-02-22 07:00 PM PST,POR,0,CHA,0,10:00 pm ET
2025-02-22 18:55:35,0022400807,2025-02-22 04:30 PM PST,PHI,103,BKN,105,Q4 :00.0
2025-02-22 18:55:35,0022400808,2025-02-22 05:30 PM PST,DEN,54,LAL,63,Half
2025-02-22 18:55:35,0022400809,2025-02-22 06:30 PM PST,UTA,14,HOU,19,Q1 4:18
2025-02-22 18:55:35,0022400806,2025-02-22 02:00 PM PST,CHI,117,PHX,121,Final
2025-02-22 18:55:35,0022400810,2025-02-22 07:00 PM PST,POR,0,CHA,0,10:00 pm ET
2025-02-22 18:56:02,0022400806,2025-02-22 02:00 PM PST,CHI,117,PHX,121,Final
2025-02-22 18:56:02,0022400807,2025-02-22 04:30 PM PST,PHI,103,BKN,105,End of 4th Qtr      
2025-02-22 18:56:02,0022400808,2025-02-22 05:30 PM PST,DEN,54,LAL,63,Halftime            
2025-02-22 18:56:02,0022400809,2025-02-22 06:30 PM PST,UTA,17,HOU,19,1st Qtr             
2025-02-22 18:56:02,0022400810,2025-02-22 07:00 PM PST,POR,0,CHA,0,10:00 pm ET
2025-02-22 18:56:05,0022400806,2025-02-22 02:00 PM PST,CHI,117,PHX,121,Final
2025-02-22 18:56:05,0022400807,2025-02-22 04:30 PM PST,PHI,103,BKN,105,End of 4th Qtr      
2025-02-22 18:56:06,0022400808,2025-02-22 05:30 PM PST,DEN,54,LAL,63,Halftime            
2025-02-22 18:56:06,0022400809,2025-02-22 06:30 PM PST,UTA,17,HOU,19,1st Qtr             
2025-02-22 18:56:06,0022400810,2025-02-22 07:00 PM PST,POR,0,CHA,0,10:00 pm ET
2025-02-22 18:56:33,0022400808,2025-02-22 05:30 PM PST,DEN,54,LAL,63,Half
2025-02-22 18:56:33,0022400809,2025-02-22 06:30 PM PST,UTA,17,HOU,22,Q1 3:32
2025-02-22 18:56:33,0022400806,2025-02-22 02:00 PM PST,CHI,117,PHX,121,Final
2025-02-22 18:56:33,0022400807,2025-02-22 04:30 PM PST,PHI,103,BKN,105,Final               
2025-02-22 18:56:33,0022400810,2025-02-22 07:00 PM PST,POR,0,CHA,0,10:00 pm ET
2025-02-22 18:56:36,0022400808,2025-02-22 05:30 PM PST,DEN,54,LAL,63,Half
2025-02-22 18:56:36,0022400809,2025-02-22 06:30 PM PST,UTA,17,HOU,22,Q1 3:32
2025-02-22 18:56:36,0022400806,2025-02-22 02:00 PM PST,CHI,117,PHX,121,Final
2025-02-22 18:56:36,0022400807,2025-02-22 04:30 PM PST,PHI,103,BKN,105,Final               
2025-02-22 18:56:37,0022400810,2025-02-22 07:00 PM PST,POR,0,CHA,0,10:00 pm ET
2025-02-22 18:57:03,0022400808,2025-02-22 05:30 PM PST,DEN,54,LAL,63,Half
2025-02-22 18:57:03,0022400809,2025-02-22 06:30 PM PST,UTA,19,HOU,22,Q1 3:07
2025-02-22 18:57:03,0022400806,2025-02-22 02:00 PM PST,CHI,117,PHX,121,Final
2025-02-22 18:57:03,0022400807,2025-02-22 04:30 PM PST,PHI,103,BKN,105,Final               
2025-02-22 18:57:04,0022400810,2025-02-22 07:00 PM PST,POR,0,CHA,0,10:00 pm ET
2025-02-22 18:57:07,0022400808,2025-02-22 05:30 PM PST,DEN,54,LAL,63,Half
2025-02-22 18:57:07,0022400809,2025-02-22 06:30 PM PST,UTA,22,HOU,22,Q1 2:52
2025-02-22 18:57:07,0022400806,2025-02-22 02:00 PM PST,CHI,117,PHX,121,Final
2025-02-22 18:57:07,0022400807,2025-02-22 04:30 PM PST,PHI,103,BKN,105,Final               
2025-02-22 18:57:07,0022400810,2025-02-22 07:00 PM PST,POR,0,CHA,0,10:00 pm ET
2025-02-22 18:57:34,0022400808,2025-02-22 05:30 PM PST,DEN,54,LAL,63,Half
2025-02-22 18:57:34,0022400809,2025-02-22 06:30 PM PST,UTA,22,HOU,24,Q1 2:33
2025-02-22 18:57:34,0022400806,2025-02-22 02:00 PM PST,CHI,117,PHX,121,Final
2025-02-22 18:57:34,0022400807,2025-02-22 04:30 PM PST,PHI,103,BKN,105,Final               
2025-02-22 18:57:34,0022400810,2025-02-22 07:00 PM PST,POR,0,CHA,0,10:00 pm ET
2025-02-22 18:57:37,0022400808,2025-02-22 05:30 PM PST,DEN,54,LAL,63,Half
2025-02-22 18:57:37,0022400809,2025-02-22 06:30 PM PST,UTA,22,HOU,24,Q1 2:33
2025-02-22 18:57:38,0022400806,2025-02-22 02:00 PM PST,CHI,117,PHX,121,Final
2025-02-22 18:57:38,0022400807,2025-02-22 04:30 PM PST,PHI,103,BKN,105,Final               
2025-02-22 18:57:38,0022400810,2025-02-22 07:00 PM PST,POR,0,CHA,0,10:00 pm ET
2025-02-22 18:58:04,0022400806,2025-02-22 02:00 PM PST,CHI,117,PHX,121,Final
2025-02-22 18:58:04,0022400807,2025-02-22 04:30 PM PST,PHI,103,BKN,105,Final               
2025-02-22 18:58:04,0022400808,2025-02-22 05:30 PM PST,DEN,54,LAL,63,Halftime            
2025-02-22 18:58:05,0022400809,2025-02-22 06:30 PM PST,UTA,22,HOU,24,1st Qtr             
2025-02-22 18:58:05,0022400810,2025-02-22 07:00 PM PST,POR,0,CHA,0,10:00 pm ET
2025-02-22 18:58:08,0022400806,2025-02-22 02:00 PM PST,CHI,117,PHX,121,Final
2025-02-22 18:58:08,0022400807,2025-02-22 04:30 PM PST,PHI,103,BKN,105,Final               
2025-02-22 18:58:08,0022400808,2025-02-22 05:30 PM PST,DEN,54,LAL,63,Halftime            
2025-02-22 18:58:08,0022400809,2025-02-22 06:30 PM PST,UTA,22,HOU,24,1st Qtr             
2025-02-22 18:58:08,0022400810,2025-02-22 07:00 PM PST,POR,0,CHA,0,10:00 pm ET
2025-02-22 18:58:35,0022400808,2025-02-22 05:30 PM PST,DEN,54,LAL,63,Half
2025-02-22 18:58:35,0022400809,2025-02-22 06:30 PM PST,UTA,24,HOU,24,Q1 2:05
2025-02-22 18:58:35,0022400806,2025-02-22 02:00 PM PST,CHI,117,PHX,121,Final
2025-02-22 18:58:35,0022400807,2025-02-22 04:30 PM PST,PHI,103,BKN,105,Final               
2025-02-22 18:58:35,0022400810,2025-02-22 07:00 PM PST,POR,0,CHA,0,10:00 pm ET
2025-02-22 18:58:38,0022400806,2025-02-22 02:00 PM PST,CHI,117,PHX,121,Final
2025-02-22 18:58:39,0022400807,2025-02-22 04:30 PM PST,PHI,103,BKN,105,Final               
2025-02-22 18:58:39,0022400808,2025-02-22 05:30 PM PST,DEN,54,LAL,63,Halftime            
2025-02-22 18:58:39,0022400809,2025-02-22 06:30 PM PST,UTA,24,HOU,24,1st Qtr             
2025-02-22 18:58:39,0022400810,2025-02-22 07:00 PM PST,POR,0,CHA,0,10:00 pm ET
2025-02-22 18:59:05,0022400808,2025-02-22 05:30 PM PST,DEN,54,LAL,63,Half
2025-02-22 18:59:05,0022400809,2025-02-22 06:30 PM PST,UTA,24,HOU,24,Q1 2:05
2025-02-22 18:59:06,0022400806,2025-02-22 02:00 PM PST,CHI,117,PHX,121,Final
2025-02-22 18:59:06,0022400807,2025-02-22 04:30 PM PST,PHI,103,BKN,105,Final               
2025-02-22 18:59:06,0022400810,2025-02-22 07:00 PM PST,POR,0,CHA,0,10:00 pm ET
2025-02-22 18:59:09,0022400808,2025-02-22 05:30 PM PST,DEN,54,LAL,63,Half
2025-02-22 18:59:09,0022400809,2025-02-22 06:30 PM PST,UTA,24,HOU,24,Q1 2:05
2025-02-22 18:59:09,0022400806,2025-02-22 02:00 PM PST,CHI,117,PHX,121,Final
2025-02-22 18:59:09,0022400807,2025-02-22 04:30 PM PST,PHI,103,BKN,105,Final               
2025-02-22 18:59:09,0022400810,2025-02-22 07:00 PM PST,POR,0,CHA,0,10:00 pm ET
2025-02-22 18:59:36,0022400806,2025-02-22 02:00 PM PST,CHI,117,PHX,121,Final
2025-02-22 18:59:36,0022400807,2025-02-22 04:30 PM PST,PHI,103,BKN,105,Final
2025-02-22 18:59:36,0022400808,2025-02-22 05:30 PM PST,DEN,54,LAL,63,Halftime            
2025-02-22 18:59:36,0022400809,2025-02-22 06:30 PM PST,UTA,24,HOU,24,1st Qtr             
2025-02-22 18:59:36,0022400810,2025-02-22 07:00 PM PST,POR,0,CHA,0,10:00 pm ET
2025-02-22 18:59:40,0022400806,2025-02-22 02:00 PM PST,CHI,117,PHX,121,Final
2025-02-22 18:59:40,0022400807,2025-02-22 04:30 PM PST,PHI,103,BKN,105,Final
2025-02-22 18:59:40,0022400808,2025-02-22 05:30 PM PST,DEN,54,LAL,63,Halftime            
2025-02-22 18:59:40,0022400809,2025-02-22 06:30 PM PST,UTA,24,HOU,24,1st Qtr             
2025-02-22 18:59:40,0022400810,2025-02-22 07:00 PM PST,POR,0,CHA,0,10:00 pm ET
2025-02-22 19:00:07,0022400806,2025-02-22 02:00 PM PST,CHI,117,PHX,121,Final
2025-02-22 19:00:07,0022400807,2025-02-22 04:30 PM PST,PHI,103,BKN,105,Final
2025-02-22 19:00:07,0022400808,2025-02-22 05:30 PM PST,DEN,54,LAL,63,Halftime            
2025-02-22 19:00:07,0022400809,2025-02-22 06:30 PM PST,UTA,24,HOU,24,1st Qtr             
2025-02-22 19:00:07,0022400810,2025-02-22 07:00 PM PST,POR,0,CHA,0,10:00 pm ET
2025-02-22 19:00:10,0022400806,2025-02-22 02:00 PM PST,CHI,117,PHX,121,Final
2025-02-22 19:00:10,0022400807,2025-02-22 04:30 PM PST,PHI,103,BKN,105,Final
2025-02-22 19:00:10,0022400808,2025-02-22 05:30 PM PST,DEN,54,LAL,63,Halftime            
2025-02-22 19:00:10,0022400809,2025-02-22 06:30 PM PST,UTA,24,HOU,24,1st Qtr             
2025-02-22 19:00:10,0022400810,2025-02-22 07:00 PM PST,POR,0,CHA,0,10:00 pm ET
2025-02-22 19:00:37,0022400808,2025-02-22 05:30 PM PST,DEN,54,LAL,63,Q3 12:00
2025-02-22 19:00:37,0022400809,2025-02-22 06:30 PM PST,UTA,24,HOU,24,Q1 2:05
2025-02-22 19:00:37,0022400806,2025-02-22 02:00 PM PST,CHI,117,PHX,121,Final
2025-02-22 19:00:37,0022400807,2025-02-22 04:30 PM PST,PHI,103,BKN,105,Final
2025-02-22 19:00:38,0022400810,2025-02-22 07:00 PM PST,POR,0,CHA,0,10:00 pm ET
2025-02-22 19:00:41,0022400808,2025-02-22 05:30 PM PST,DEN,54,LAL,63,Q3 12:00
2025-02-22 19:00:41,0022400809,2025-02-22 06:30 PM PST,UTA,24,HOU,24,Q1 2:05
2025-02-22 19:00:41,0022400806,2025-02-22 02:00 PM PST,CHI,117,PHX,121,Final
2025-02-22 19:00:41,0022400807,2025-02-22 04:30 PM PST,PHI,103,BKN,105,Final
2025-02-22 19:00:41,0022400810,2025-02-22 07:00 PM PST,POR,0,CHA,0,10:00 pm ET
2025-02-22 19:01:08,0022400806,2025-02-22 02:00 PM PST,CHI,117,PHX,121,Final
2025-02-22 19:01:08,0022400807,2025-02-22 04:30 PM PST,PHI,103,BKN,105,Final
2025-02-22 19:01:08,0022400808,2025-02-22 05:30 PM PST,DEN,55,LAL,63,End of 3rd Qtr      
2025-02-22 19:01:08,0022400809,2025-02-22 06:30 PM PST,UTA,24,HOU,24,1st Qtr             
2025-02-22 19:01:08,0022400810,2025-02-22 07:00 PM PST,POR,0,CHA,0,10:00 pm ET
2025-02-22 19:01:11,0022400806,2025-02-22 02:00 PM PST,CHI,117,PHX,121,Final
2025-02-22 19:01:11,0022400807,2025-02-22 04:30 PM PST,PHI,103,BKN,105,Final
2025-02-22 19:01:12,0022400808,2025-02-22 05:30 PM PST,DEN,55,LAL,63,End of 3rd Qtr      
2025-02-22 19:01:12,0022400809,2025-02-22 06:30 PM PST,UTA,24,HOU,24,1st Qtr             
2025-02-22 19:01:12,0022400810,2025-02-22 07:00 PM PST,POR,0,CHA,0,10:00 pm ET
2025-02-22 19:01:39,0022400808,2025-02-22 05:30 PM PST,DEN,56,LAL,63,Q3 11:39
2025-02-22 19:01:39,0022400809,2025-02-22 06:30 PM PST,UTA,25,HOU,24,Q1 2:05
2025-02-22 19:01:39,0022400806,2025-02-22 02:00 PM PST,CHI,117,PHX,121,Final
2025-02-22 19:01:39,0022400807,2025-02-22 04:30 PM PST,PHI,103,BKN,105,Final
2025-02-22 19:01:39,0022400810,2025-02-22 07:00 PM PST,POR,0,CHA,0,10:00 pm ET
2025-02-22 19:01:42,0022400806,2025-02-22 02:00 PM PST,CHI,117,PHX,121,Final
2025-02-22 19:01:42,0022400807,2025-02-22 04:30 PM PST,PHI,103,BKN,105,Final
2025-02-22 19:01:42,0022400808,2025-02-22 05:30 PM PST,DEN,55,LAL,63,End of 3rd Qtr      
2025-02-22 19:01:42,0022400809,2025-02-22 06:30 PM PST,UTA,24,HOU,24,1st Qtr             
2025-02-22 19:01:42,0022400810,2025-02-22 07:00 PM PST,POR,0,CHA,0,10:00 pm ET
2025-02-22 19:02:09,0022400808,2025-02-22 05:30 PM PST,DEN,57,LAL,63,Q3 11:26
2025-02-22 19:02:09,0022400809,2025-02-22 06:30 PM PST,UTA,25,HOU,24,Q1 1:39
2025-02-22 19:02:10,0022400806,2025-02-22 02:00 PM PST,CHI,117,PHX,121,Final
2025-02-22 19:02:10,0022400807,2025-02-22 04:30 PM PST,PHI,103,BKN,105,Final
2025-02-22 19:02:10,0022400810,2025-02-22 07:00 PM PST,POR,0,CHA,0,10:00 pm ET
2025-02-22 19:02:13,0022400806,2025-02-22 02:00 PM PST,CHI,117,PHX,121,Final
2025-02-22 19:02:13,0022400807,2025-02-22 04:30 PM PST,PHI,103,BKN,105,Final
2025-02-22 19:02:13,0022400808,2025-02-22 05:30 PM PST,DEN,56,LAL,63,3rd Qtr             
2025-02-22 19:02:13,0022400809,2025-02-22 06:30 PM PST,UTA,25,HOU,24,1st Qtr             
2025-02-22 19:02:13,0022400810,2025-02-22 07:00 PM PST,POR,0,CHA,0,10:00 pm ET
2025-02-22 19:02:40,0022400808,2025-02-22 05:30 PM PST,DEN,62,LAL,63,Q3 10:58
2025-02-22 19:02:40,0022400809,2025-02-22 06:30 PM PST,UTA,25,HOU,24,Q1 1:36
2025-02-22 19:02:40,0022400806,2025-02-22 02:00 PM PST,CHI,117,PHX,121,Final
2025-02-22 19:02:41,0022400807,2025-02-22 04:30 PM PST,PHI,103,BKN,105,Final
2025-02-22 19:02:41,0022400810,2025-02-22 07:00 PM PST,POR,0,CHA,0,10:00 pm ET
2025-02-22 19:02:43,0022400808,2025-02-22 05:30 PM PST,DEN,62,LAL,63,Q3 10:58
2025-02-22 19:02:43,0022400809,2025-02-22 06:30 PM PST,UTA,25,HOU,24,Q1 1:36
2025-02-22 19:02:43,0022400806,2025-02-22 02:00 PM PST,CHI,117,PHX,121,Final
2025-02-22 19:02:44,0022400807,2025-02-22 04:30 PM PST,PHI,103,BKN,105,Final
2025-02-22 19:02:44,0022400810,2025-02-22 07:00 PM PST,POR,0,CHA,0,10:00 pm ET
2025-02-22 19:03:11,0022400806,2025-02-22 02:00 PM PST,CHI,117,PHX,121,Final
2025-02-22 19:03:11,0022400807,2025-02-22 04:30 PM PST,PHI,103,BKN,105,Final
2025-02-22 19:03:11,0022400808,2025-02-22 05:30 PM PST,DEN,62,LAL,65,3rd Qtr             
2025-02-22 19:03:11,0022400809,2025-02-22 06:30 PM PST,UTA,25,HOU,25,1st Qtr             
2025-02-22 19:03:11,0022400810,2025-02-22 07:00 PM PST,POR,0,CHA,0,10:00 pm ET
2025-02-22 19:03:14,0022400806,2025-02-22 02:00 PM PST,CHI,117,PHX,121,Final
2025-02-22 19:03:14,0022400807,2025-02-22 04:30 PM PST,PHI,103,BKN,105,Final
2025-02-22 19:03:14,0022400808,2025-02-22 05:30 PM PST,DEN,62,LAL,65,3rd Qtr             
2025-02-22 19:03:14,0022400809,2025-02-22 06:30 PM PST,UTA,25,HOU,25,1st Qtr             
2025-02-22 19:03:14,0022400810,2025-02-22 07:00 PM PST,POR,0,CHA,0,10:00 pm ET
2025-02-22 19:03:42,0022400806,2025-02-22 02:00 PM PST,CHI,117,PHX,121,Final
2025-02-22 19:03:42,0022400807,2025-02-22 04:30 PM PST,PHI,103,BKN,105,Final
2025-02-22 19:03:42,0022400808,2025-02-22 05:30 PM PST,DEN,62,LAL,68,3rd Qtr             
2025-02-22 19:03:42,0022400809,2025-02-22 06:30 PM PST,UTA,27,HOU,25,1st Qtr             
2025-02-22 19:03:42,0022400810,2025-02-22 07:00 PM PST,POR,0,CHA,0,10:00 pm ET
2025-02-22 19:03:45,0022400806,2025-02-22 02:00 PM PST,CHI,117,PHX,121,Final
2025-02-22 19:03:45,0022400807,2025-02-22 04:30 PM PST,PHI,103,BKN,105,Final
2025-02-22 19:03:45,0022400808,2025-02-22 05:30 PM PST,DEN,62,LAL,68,3rd Qtr             
2025-02-22 19:03:45,0022400809,2025-02-22 06:30 PM PST,UTA,27,HOU,25,1st Qtr             
2025-02-22 19:03:45,0022400810,2025-02-22 07:00 PM PST,POR,0,CHA,0,10:00 pm ET
2025-02-22 19:04:12,0022400806,2025-02-22 02:00 PM PST,CHI,117,PHX,121,Final
2025-02-22 19:04:12,0022400807,2025-02-22 04:30 PM PST,PHI,103,BKN,105,Final
2025-02-22 19:04:12,0022400808,2025-02-22 05:30 PM PST,DEN,62,LAL,68,3rd Qtr             
2025-02-22 19:04:12,0022400809,2025-02-22 06:30 PM PST,UTA,27,HOU,25,1st Qtr             
2025-02-22 19:04:12,0022400810,2025-02-22 07:00 PM PST,POR,0,CHA,0,10:00 pm ET
2025-02-22 19:04:15,0022400806,2025-02-22 02:00 PM PST,CHI,117,PHX,121,Final
2025-02-22 19:04:16,0022400807,2025-02-22 04:30 PM PST,PHI,103,BKN,105,Final
2025-02-22 19:04:16,0022400808,2025-02-22 05:30 PM PST,DEN,62,LAL,68,3rd Qtr             
2025-02-22 19:04:16,0022400809,2025-02-22 06:30 PM PST,UTA,27,HOU,25,1st Qtr             
2025-02-22 19:04:16,0022400810,2025-02-22 07:00 PM PST,POR,0,CHA,0,10:00 pm ET
2025-02-22 19:04:43,0022400806,2025-02-22 02:00 PM PST,CHI,117,PHX,121,Final
2025-02-22 19:04:43,0022400807,2025-02-22 04:30 PM PST,PHI,103,BKN,105,Final
2025-02-22 19:04:43,0022400808,2025-02-22 05:30 PM PST,DEN,62,LAL,70,3rd Qtr             
2025-02-22 19:04:43,0022400809,2025-02-22 06:30 PM PST,UTA,27,HOU,28,1st Qtr             
2025-02-22 19:04:43,0022400810,2025-02-22 07:00 PM PST,POR,0,CHA,0,10:00 pm ET
2025-02-22 19:04:46,0022400806,2025-02-22 02:00 PM PST,CHI,117,PHX,121,Final
2025-02-22 19:04:46,0022400807,2025-02-22 04:30 PM PST,PHI,103,BKN,105,Final
2025-02-22 19:04:46,0022400808,2025-02-22 05:30 PM PST,DEN,62,LAL,70,3rd Qtr             
2025-02-22 19:04:46,0022400809,2025-02-22 06:30 PM PST,UTA,29,HOU,28,1st Qtr             
2025-02-22 19:04:46,0022400810,2025-02-22 07:00 PM PST,POR,0,CHA,0,10:00 pm ET
2025-02-22 19:05:13,0022400806,2025-02-22 02:00 PM PST,CHI,117,PHX,121,Final
2025-02-22 19:05:14,0022400807,2025-02-22 04:30 PM PST,PHI,103,BKN,105,Final
2025-02-22 19:05:14,0022400808,2025-02-22 05:30 PM PST,DEN,62,LAL,73,3rd Qtr             
2025-02-22 19:05:14,0022400809,2025-02-22 06:30 PM PST,UTA,29,HOU,28,End of 1st Qtr      
2025-02-22 19:05:14,0022400810,2025-02-22 07:00 PM PST,POR,0,CHA,0,10:00 pm ET
2025-02-22 19:05:17,0022400806,2025-02-22 02:00 PM PST,CHI,117,PHX,121,Final
2025-02-22 19:05:17,0022400807,2025-02-22 04:30 PM PST,PHI,103,BKN,105,Final
2025-02-22 19:05:17,0022400808,2025-02-22 05:30 PM PST,DEN,62,LAL,73,3rd Qtr             
2025-02-22 19:05:17,0022400809,2025-02-22 06:30 PM PST,UTA,29,HOU,28,End of 1st Qtr      
2025-02-22 19:05:17,0022400810,2025-02-22 07:00 PM PST,POR,0,CHA,0,10:00 pm ET
2025-02-22 19:05:44,0022400808,2025-02-22 05:30 PM PST,DEN,62,LAL,73,Q3 9:02
2025-02-22 19:05:44,0022400809,2025-02-22 06:30 PM PST,UTA,29,HOU,28,END Q1
2025-02-22 19:05:44,0022400806,2025-02-22 02:00 PM PST,CHI,117,PHX,121,Final
2025-02-22 19:05:44,0022400807,2025-02-22 04:30 PM PST,PHI,103,BKN,105,Final
2025-02-22 19:05:44,0022400810,2025-02-22 07:00 PM PST,POR,0,CHA,0,10:00 pm ET
2025-02-22 19:05:47,0022400806,2025-02-22 02:00 PM PST,CHI,117,PHX,121,Final
2025-02-22 19:05:47,0022400807,2025-02-22 04:30 PM PST,PHI,103,BKN,105,Final
2025-02-22 19:05:47,0022400808,2025-02-22 05:30 PM PST,DEN,62,LAL,73,3rd Qtr             
2025-02-22 19:05:47,0022400809,2025-02-22 06:30 PM PST,UTA,29,HOU,28,End of 1st Qtr      
2025-02-22 19:05:48,0022400810,2025-02-22 07:00 PM PST,POR,0,CHA,0,10:00 pm ET
2025-02-22 19:06:15,0022400806,2025-02-22 02:00 PM PST,CHI,117,PHX,121,Final
2025-02-22 19:06:15,0022400807,2025-02-22 04:30 PM PST,PHI,103,BKN,105,Final
2025-02-22 19:06:15,0022400808,2025-02-22 05:30 PM PST,DEN,62,LAL,73,3rd Qtr             
2025-02-22 19:06:15,0022400809,2025-02-22 06:30 PM PST,UTA,29,HOU,28,End of 1st Qtr      
2025-02-22 19:06:15,0022400810,2025-02-22 07:00 PM PST,POR,0,CHA,0,10:00 pm ET
2025-02-22 19:06:18,0022400806,2025-02-22 02:00 PM PST,CHI,117,PHX,121,Final
2025-02-22 19:06:18,0022400807,2025-02-22 04:30 PM PST,PHI,103,BKN,105,Final
2025-02-22 19:06:18,0022400808,2025-02-22 05:30 PM PST,DEN,62,LAL,73,3rd Qtr             
2025-02-22 19:06:18,0022400809,2025-02-22 06:30 PM PST,UTA,29,HOU,28,End of 1st Qtr      
2025-02-22 19:06:18,0022400810,2025-02-22 07:00 PM PST,POR,0,CHA,0,10:00 pm ET
2025-02-22 19:06:45,0022400806,2025-02-22 02:00 PM PST,CHI,117,PHX,121,Final
2025-02-22 19:06:45,0022400807,2025-02-22 04:30 PM PST,PHI,103,BKN,105,Final
2025-02-22 19:06:45,0022400808,2025-02-22 05:30 PM PST,DEN,62,LAL,73,3rd Qtr             
2025-02-22 19:06:46,0022400809,2025-02-22 06:30 PM PST,UTA,29,HOU,28,End of 1st Qtr      
2025-02-22 19:06:46,0022400810,2025-02-22 07:00 PM PST,POR,0,CHA,0,10:00 pm ET
2025-02-22 19:06:48,0022400806,2025-02-22 02:00 PM PST,CHI,117,PHX,121,Final
2025-02-22 19:06:49,0022400807,2025-02-22 04:30 PM PST,PHI,103,BKN,105,Final
2025-02-22 19:06:49,0022400808,2025-02-22 05:30 PM PST,DEN,62,LAL,73,3rd Qtr             
2025-02-22 19:06:49,0022400809,2025-02-22 06:30 PM PST,UTA,29,HOU,28,End of 1st Qtr      
2025-02-22 19:06:49,0022400810,2025-02-22 07:00 PM PST,POR,0,CHA,0,10:00 pm ET
2025-02-22 19:07:16,0022400808,2025-02-22 05:30 PM PST,DEN,62,LAL,73,Q3 9:02
2025-02-22 19:07:16,0022400809,2025-02-22 06:30 PM PST,UTA,29,HOU,28,END Q1
2025-02-22 19:07:16,0022400806,2025-02-22 02:00 PM PST,CHI,117,PHX,121,Final
2025-02-22 19:07:16,0022400807,2025-02-22 04:30 PM PST,PHI,103,BKN,105,Final
2025-02-22 19:07:16,0022400810,2025-02-22 07:00 PM PST,POR,0,CHA,0,10:00 pm ET
2025-02-22 19:07:19,0022400806,2025-02-22 02:00 PM PST,CHI,117,PHX,121,Final
2025-02-22 19:07:19,0022400807,2025-02-22 04:30 PM PST,PHI,103,BKN,105,Final
2025-02-22 19:07:19,0022400808,2025-02-22 05:30 PM PST,DEN,62,LAL,73,3rd Qtr             
2025-02-22 19:07:19,0022400809,2025-02-22 06:30 PM PST,UTA,29,HOU,28,End of 1st Qtr      
2025-02-22 19:07:19,0022400810,2025-02-22 07:00 PM PST,POR,0,CHA,0,10:00 pm ET
2025-02-22 19:07:47,0022400808,2025-02-22 05:30 PM PST,DEN,62,LAL,73,Q3 9:02
2025-02-22 19:07:47,0022400809,2025-02-22 06:30 PM PST,UTA,29,HOU,28,Q2 12:00
2025-02-22 19:07:47,0022400806,2025-02-22 02:00 PM PST,CHI,117,PHX,121,Final
2025-02-22 19:07:47,0022400807,2025-02-22 04:30 PM PST,PHI,103,BKN,105,Final
2025-02-22 19:07:47,0022400810,2025-02-22 07:00 PM PST,POR,0,CHA,0,10:00 pm ET
2025-02-22 19:07:50,0022400808,2025-02-22 05:30 PM PST,DEN,62,LAL,73,Q3 9:02
2025-02-22 19:07:50,0022400809,2025-02-22 06:30 PM PST,UTA,29,HOU,28,Q2 12:00
2025-02-22 19:07:50,0022400806,2025-02-22 02:00 PM PST,CHI,117,PHX,121,Final
2025-02-22 19:07:50,0022400807,2025-02-22 04:30 PM PST,PHI,103,BKN,105,Final
2025-02-22 19:07:50,0022400810,2025-02-22 07:00 PM PST,POR,0,CHA,0,10:00 pm ET
2025-02-22 19:08:17,0022400806,2025-02-22 02:00 PM PST,CHI,117,PHX,121,Final
2025-02-22 19:08:17,0022400807,2025-02-22 04:30 PM PST,PHI,103,BKN,105,Final
2025-02-22 19:08:17,0022400808,2025-02-22 05:30 PM PST,DEN,62,LAL,73,3rd Qtr             
2025-02-22 19:08:18,0022400809,2025-02-22 06:30 PM PST,UTA,31,HOU,28,2nd Qtr             
2025-02-22 19:08:18,0022400810,2025-02-22 07:00 PM PST,POR,0,CHA,0,10:00 pm ET
2025-02-22 19:08:20,0022400806,2025-02-22 02:00 PM PST,CHI,117,PHX,121,Final
2025-02-22 19:08:21,0022400807,2025-02-22 04:30 PM PST,PHI,103,BKN,105,Final
2025-02-22 19:08:21,0022400808,2025-02-22 05:30 PM PST,DEN,62,LAL,73,3rd Qtr             
2025-02-22 19:08:21,0022400809,2025-02-22 06:30 PM PST,UTA,31,HOU,28,2nd Qtr             
2025-02-22 19:08:21,0022400810,2025-02-22 07:00 PM PST,POR,0,CHA,0,10:00 pm ET
2025-02-22 19:08:48,0022400806,2025-02-22 02:00 PM PST,CHI,117,PHX,121,Final
2025-02-22 19:08:48,0022400807,2025-02-22 04:30 PM PST,PHI,103,BKN,105,Final
2025-02-22 19:08:48,0022400808,2025-02-22 05:30 PM PST,DEN,64,LAL,73,3rd Qtr             
2025-02-22 19:08:48,0022400809,2025-02-22 06:30 PM PST,UTA,31,HOU,28,2nd Qtr             
2025-02-22 19:08:48,0022400810,2025-02-22 07:00 PM PST,POR,0,CHA,0,10:00 pm ET
2025-02-22 19:08:51,0022400806,2025-02-22 02:00 PM PST,CHI,117,PHX,121,Final
2025-02-22 19:08:51,0022400807,2025-02-22 04:30 PM PST,PHI,103,BKN,105,Final
2025-02-22 19:08:51,0022400808,2025-02-22 05:30 PM PST,DEN,64,LAL,73,3rd Qtr             
2025-02-22 19:08:51,0022400809,2025-02-22 06:30 PM PST,UTA,31,HOU,28,2nd Qtr             
2025-02-22 19:08:51,0022400810,2025-02-22 07:00 PM PST,POR,0,CHA,0,10:00 pm ET
2025-02-22 19:09:18,0022400808,2025-02-22 05:30 PM PST,DEN,64,LAL,75,Q3 8:03
2025-02-22 19:09:19,0022400809,2025-02-22 06:30 PM PST,UTA,31,HOU,30,Q2 10:44
2025-02-22 19:09:19,0022400806,2025-02-22 02:00 PM PST,CHI,117,PHX,121,Final
2025-02-22 19:09:19,0022400807,2025-02-22 04:30 PM PST,PHI,103,BKN,105,Final
2025-02-22 19:09:19,0022400810,2025-02-22 07:00 PM PST,POR,0,CHA,0,10:00 pm ET
2025-02-22 19:09:22,0022400808,2025-02-22 05:30 PM PST,DEN,64,LAL,75,Q3 8:03
2025-02-22 19:09:22,0022400809,2025-02-22 06:30 PM PST,UTA,31,HOU,30,Q2 10:44
2025-02-22 19:09:22,0022400806,2025-02-22 02:00 PM PST,CHI,117,PHX,121,Final
2025-02-22 19:09:22,0022400807,2025-02-22 04:30 PM PST,PHI,103,BKN,105,Final
2025-02-22 19:09:22,0022400810,2025-02-22 07:00 PM PST,POR,0,CHA,0,10:00 pm ET
2025-02-22 19:09:49,0022400808,2025-02-22 05:30 PM PST,DEN,64,LAL,75,Q3 7:45
2025-02-22 19:09:49,0022400809,2025-02-22 06:30 PM PST,UTA,31,HOU,30,Q2 10:30
2025-02-22 19:09:49,0022400806,2025-02-22 02:00 PM PST,CHI,117,PHX,121,Final
2025-02-22 19:09:49,0022400807,2025-02-22 04:30 PM PST,PHI,103,BKN,105,Final
2025-02-22 19:09:49,0022400810,2025-02-22 07:00 PM PST,POR,0,CHA,0,10:00 pm ET
2025-02-22 19:09:52,0022400808,2025-02-22 05:30 PM PST,DEN,64,LAL,75,Q3 7:45
2025-02-22 19:09:52,0022400809,2025-02-22 06:30 PM PST,UTA,31,HOU,30,Q2 10:30
2025-02-22 19:09:52,0022400806,2025-02-22 02:00 PM PST,CHI,117,PHX,121,Final
2025-02-22 19:09:53,0022400807,2025-02-22 04:30 PM PST,PHI,103,BKN,105,Final
2025-02-22 19:09:53,0022400810,2025-02-22 07:00 PM PST,POR,0,CHA,0,10:00 pm ET
2025-02-22 19:10:20,0022400806,2025-02-22 02:00 PM PST,CHI,117,PHX,121,Final
2025-02-22 19:10:20,0022400807,2025-02-22 04:30 PM PST,PHI,103,BKN,105,Final
2025-02-22 19:10:20,0022400808,2025-02-22 05:30 PM PST,DEN,64,LAL,75,3rd Qtr             
2025-02-22 19:10:20,0022400809,2025-02-22 06:30 PM PST,UTA,32,HOU,30,2nd Qtr             
2025-02-22 19:10:20,0022400810,2025-02-22 07:00 PM PST,POR,0,CHA,0,10:00 pm ET
2025-02-22 19:10:23,0022400806,2025-02-22 02:00 PM PST,CHI,117,PHX,121,Final
2025-02-22 19:10:23,0022400807,2025-02-22 04:30 PM PST,PHI,103,BKN,105,Final
2025-02-22 19:10:23,0022400808,2025-02-22 05:30 PM PST,DEN,64,LAL,75,3rd Qtr             
2025-02-22 19:10:23,0022400809,2025-02-22 06:30 PM PST,UTA,32,HOU,30,2nd Qtr             
2025-02-22 19:10:23,0022400810,2025-02-22 07:00 PM PST,POR,0,CHA,0,10:00 pm ET
2025-02-22 19:10:50,0022400806,2025-02-22 02:00 PM PST,CHI,117,PHX,121,Final
2025-02-22 19:10:51,0022400807,2025-02-22 04:30 PM PST,PHI,103,BKN,105,Final
2025-02-22 19:10:51,0022400808,2025-02-22 05:30 PM PST,DEN,65,LAL,75,3rd Qtr             
2025-02-22 19:10:51,0022400809,2025-02-22 06:30 PM PST,UTA,36,HOU,32,2nd Qtr             
2025-02-22 19:10:51,0022400810,2025-02-22 07:00 PM PST,POR,0,CHA,0,10:00 pm ET
2025-02-22 19:10:54,0022400806,2025-02-22 02:00 PM PST,CHI,117,PHX,121,Final
2025-02-22 19:10:54,0022400807,2025-02-22 04:30 PM PST,PHI,103,BKN,105,Final
2025-02-22 19:10:54,0022400808,2025-02-22 05:30 PM PST,DEN,65,LAL,75,3rd Qtr             
2025-02-22 19:10:54,0022400809,2025-02-22 06:30 PM PST,UTA,36,HOU,32,2nd Qtr             
2025-02-22 19:10:54,0022400810,2025-02-22 07:00 PM PST,POR,0,CHA,0,10:00 pm ET
2025-02-22 19:11:21,0022400808,2025-02-22 05:30 PM PST,DEN,65,LAL,77,Q3 7:19
2025-02-22 19:11:21,0022400809,2025-02-22 06:30 PM PST,UTA,36,HOU,32,Q2 10:11
2025-02-22 19:11:21,0022400806,2025-02-22 02:00 PM PST,CHI,117,PHX,121,Final
2025-02-22 19:11:21,0022400807,2025-02-22 04:30 PM PST,PHI,103,BKN,105,Final
2025-02-22 19:11:21,0022400810,2025-02-22 07:00 PM PST,POR,0,CHA,0,10:00 pm ET
2025-02-22 19:11:24,0022400808,2025-02-22 05:30 PM PST,DEN,65,LAL,77,Q3 7:19
2025-02-22 19:11:24,0022400809,2025-02-22 06:30 PM PST,UTA,36,HOU,32,Q2 10:11
2025-02-22 19:11:24,0022400806,2025-02-22 02:00 PM PST,CHI,117,PHX,121,Final
2025-02-22 19:11:24,0022400807,2025-02-22 04:30 PM PST,PHI,103,BKN,105,Final
2025-02-22 19:11:25,0022400810,2025-02-22 07:00 PM PST,POR,0,CHA,0,10:00 pm ET
2025-02-22 19:11:52,0022400806,2025-02-22 02:00 PM PST,CHI,117,PHX,121,Final
2025-02-22 19:11:52,0022400807,2025-02-22 04:30 PM PST,PHI,103,BKN,105,Final
2025-02-22 19:11:52,0022400808,2025-02-22 05:30 PM PST,DEN,68,LAL,77,3rd Qtr             
2025-02-22 19:11:52,0022400809,2025-02-22 06:30 PM PST,UTA,36,HOU,32,2nd Qtr             
2025-02-22 19:11:52,0022400810,2025-02-22 07:00 PM PST,POR,0,CHA,0,10:00 pm ET
2025-02-22 19:11:55,0022400806,2025-02-22 02:00 PM PST,CHI,117,PHX,121,Final
2025-02-22 19:11:55,0022400807,2025-02-22 04:30 PM PST,PHI,103,BKN,105,Final
2025-02-22 19:11:55,0022400808,2025-02-22 05:30 PM PST,DEN,68,LAL,77,3rd Qtr             
2025-02-22 19:11:55,0022400809,2025-02-22 06:30 PM PST,UTA,36,HOU,32,2nd Qtr             
2025-02-22 19:11:55,0022400810,2025-02-22 07:00 PM PST,POR,0,CHA,0,10:00 pm ET
2025-02-22 19:12:22,0022400806,2025-02-22 02:00 PM PST,CHI,117,PHX,121,Final
2025-02-22 19:12:22,0022400807,2025-02-22 04:30 PM PST,PHI,103,BKN,105,Final
2025-02-22 19:12:23,0022400808,2025-02-22 05:30 PM PST,DEN,71,LAL,77,3rd Qtr             
2025-02-22 19:12:23,0022400809,2025-02-22 06:30 PM PST,UTA,36,HOU,32,2nd Qtr             
2025-02-22 19:12:23,0022400810,2025-02-22 07:00 PM PST,POR,0,CHA,0,10:00 pm ET
2025-02-22 19:12:25,0022400806,2025-02-22 02:00 PM PST,CHI,117,PHX,121,Final
2025-02-22 19:12:26,0022400807,2025-02-22 04:30 PM PST,PHI,103,BKN,105,Final
2025-02-22 19:12:26,0022400808,2025-02-22 05:30 PM PST,DEN,71,LAL,77,3rd Qtr             
2025-02-22 19:12:26,0022400809,2025-02-22 06:30 PM PST,UTA,36,HOU,32,2nd Qtr             
2025-02-22 19:12:26,0022400810,2025-02-22 07:00 PM PST,POR,0,CHA,0,10:00 pm ET
2025-02-22 19:12:53,0022400808,2025-02-22 05:30 PM PST,DEN,71,LAL,78,Q3 6:22
2025-02-22 19:12:53,0022400809,2025-02-22 06:30 PM PST,UTA,36,HOU,32,Q2 10:11
2025-02-22 19:12:53,0022400806,2025-02-22 02:00 PM PST,CHI,117,PHX,121,Final
2025-02-22 19:12:53,0022400807,2025-02-22 04:30 PM PST,PHI,103,BKN,105,Final
2025-02-22 19:12:53,0022400810,2025-02-22 07:00 PM PST,POR,0,CHA,0,10:00 pm ET
2025-02-22 19:12:56,0022400808,2025-02-22 05:30 PM PST,DEN,71,LAL,78,Q3 6:22
2025-02-22 19:12:56,0022400809,2025-02-22 06:30 PM PST,UTA,36,HOU,32,Q2 10:11
2025-02-22 19:12:56,0022400806,2025-02-22 02:00 PM PST,CHI,117,PHX,121,Final
2025-02-22 19:12:56,0022400807,2025-02-22 04:30 PM PST,PHI,103,BKN,105,Final
2025-02-22 19:12:56,0022400810,2025-02-22 07:00 PM PST,POR,0,CHA,0,10:00 pm ET
2025-02-22 19:13:24,0022400806,2025-02-22 02:00 PM PST,CHI,117,PHX,121,Final
2025-02-22 19:13:24,0022400807,2025-02-22 04:30 PM PST,PHI,103,BKN,105,Final
2025-02-22 19:13:24,0022400808,2025-02-22 05:30 PM PST,DEN,71,LAL,80,3rd Qtr             
2025-02-22 19:13:24,0022400809,2025-02-22 06:30 PM PST,UTA,36,HOU,32,2nd Qtr             
2025-02-22 19:13:24,0022400810,2025-02-22 07:00 PM PST,POR,0,CHA,0,10:00 pm ET
2025-02-22 19:13:27,0022400806,2025-02-22 02:00 PM PST,CHI,117,PHX,121,Final
2025-02-22 19:13:27,0022400807,2025-02-22 04:30 PM PST,PHI,103,BKN,105,Final
2025-02-22 19:13:27,0022400808,2025-02-22 05:30 PM PST,DEN,71,LAL,80,3rd Qtr             
2025-02-22 19:13:27,0022400809,2025-02-22 06:30 PM PST,UTA,36,HOU,32,2nd Qtr             
2025-02-22 19:13:27,0022400810,2025-02-22 07:00 PM PST,POR,0,CHA,0,10:00 pm ET
2025-02-22 19:13:54,0022400808,2025-02-22 05:30 PM PST,DEN,71,LAL,80,Q3 6:05
2025-02-22 19:13:54,0022400809,2025-02-22 06:30 PM PST,UTA,36,HOU,32,Q2 9:56
2025-02-22 19:13:55,0022400806,2025-02-22 02:00 PM PST,CHI,117,PHX,121,Final
2025-02-22 19:13:55,0022400807,2025-02-22 04:30 PM PST,PHI,103,BKN,105,Final
2025-02-22 19:13:55,0022400810,2025-02-22 07:00 PM PST,POR,0,CHA,0,10:00 pm ET
2025-02-22 19:13:57,0022400808,2025-02-22 05:30 PM PST,DEN,71,LAL,80,Q3 6:05
2025-02-22 19:13:57,0022400809,2025-02-22 06:30 PM PST,UTA,36,HOU,32,Q2 9:56
2025-02-22 19:13:57,0022400806,2025-02-22 02:00 PM PST,CHI,117,PHX,121,Final
2025-02-22 19:13:57,0022400807,2025-02-22 04:30 PM PST,PHI,103,BKN,105,Final
2025-02-22 19:13:58,0022400810,2025-02-22 07:00 PM PST,POR,0,CHA,0,10:00 pm ET
2025-02-22 19:14:25,0022400806,2025-02-22 02:00 PM PST,CHI,117,PHX,121,Final
2025-02-22 19:14:25,0022400807,2025-02-22 04:30 PM PST,PHI,103,BKN,105,Final
2025-02-22 19:14:25,0022400808,2025-02-22 05:30 PM PST,DEN,71,LAL,80,3rd Qtr             
2025-02-22 19:14:25,0022400809,2025-02-22 06:30 PM PST,UTA,38,HOU,34,2nd Qtr             
2025-02-22 19:14:25,0022400810,2025-02-22 07:00 PM PST,POR,0,CHA,0,Tipoff              
2025-02-22 19:14:28,0022400806,2025-02-22 02:00 PM PST,CHI,117,PHX,121,Final
2025-02-22 19:14:28,0022400807,2025-02-22 04:30 PM PST,PHI,103,BKN,105,Final
2025-02-22 19:14:28,0022400808,2025-02-22 05:30 PM PST,DEN,71,LAL,80,3rd Qtr             
2025-02-22 19:14:28,0022400809,2025-02-22 06:30 PM PST,UTA,38,HOU,34,2nd Qtr             
2025-02-22 19:14:28,0022400810,2025-02-22 07:00 PM PST,POR,0,CHA,0,Tipoff              
2025-02-22 19:14:56,0022400806,2025-02-22 02:00 PM PST,CHI,117,PHX,121,Final
2025-02-22 19:14:56,0022400807,2025-02-22 04:30 PM PST,PHI,103,BKN,105,Final
2025-02-22 19:14:56,0022400808,2025-02-22 05:30 PM PST,DEN,74,LAL,80,3rd Qtr             
2025-02-22 19:14:56,0022400809,2025-02-22 06:30 PM PST,UTA,38,HOU,34,2nd Qtr             
2025-02-22 19:14:56,0022400810,2025-02-22 07:00 PM PST,POR,0,CHA,0,1st Qtr             
2025-02-22 19:14:58,0022400806,2025-02-22 02:00 PM PST,CHI,117,PHX,121,Final
2025-02-22 19:14:59,0022400807,2025-02-22 04:30 PM PST,PHI,103,BKN,105,Final
2025-02-22 19:14:59,0022400808,2025-02-22 05:30 PM PST,DEN,74,LAL,80,3rd Qtr             
2025-02-22 19:14:59,0022400809,2025-02-22 06:30 PM PST,UTA,38,HOU,34,2nd Qtr             
2025-02-22 19:14:59,0022400810,2025-02-22 07:00 PM PST,POR,0,CHA,0,1st Qtr             
2025-02-22 19:15:26,0022400808,2025-02-22 05:30 PM PST,DEN,74,LAL,83,Q3 5:11
2025-02-22 19:15:26,0022400809,2025-02-22 06:30 PM PST,UTA,38,HOU,34,Q2 8:55
2025-02-22 19:15:26,0022400810,2025-02-22 07:00 PM PST,POR,3,CHA,2,Q1 10:48
2025-02-22 19:15:26,0022400806,2025-02-22 02:00 PM PST,CHI,117,PHX,121,Final
2025-02-22 19:15:27,0022400807,2025-02-22 04:30 PM PST,PHI,103,BKN,105,Final
2025-02-22 19:15:29,0022400806,2025-02-22 02:00 PM PST,CHI,117,PHX,121,Final
2025-02-22 19:15:29,0022400807,2025-02-22 04:30 PM PST,PHI,103,BKN,105,Final
2025-02-22 19:15:29,0022400808,2025-02-22 05:30 PM PST,DEN,74,LAL,83,3rd Qtr             
2025-02-22 19:15:29,0022400809,2025-02-22 06:30 PM PST,UTA,38,HOU,34,2nd Qtr             
2025-02-22 19:15:29,0022400810,2025-02-22 07:00 PM PST,POR,3,CHA,2,1st Qtr             
2025-02-22 19:15:57,0022400806,2025-02-22 02:00 PM PST,CHI,117,PHX,121,Final
2025-02-22 19:15:57,0022400807,2025-02-22 04:30 PM PST,PHI,103,BKN,105,Final
2025-02-22 19:15:57,0022400808,2025-02-22 05:30 PM PST,DEN,74,LAL,83,3rd Qtr             
2025-02-22 19:15:57,0022400809,2025-02-22 06:30 PM PST,UTA,38,HOU,36,2nd Qtr             
2025-02-22 19:15:57,0022400810,2025-02-22 07:00 PM PST,POR,3,CHA,4,1st Qtr             
2025-02-22 19:16:00,0022400806,2025-02-22 02:00 PM PST,CHI,117,PHX,121,Final
2025-02-22 19:16:00,0022400807,2025-02-22 04:30 PM PST,PHI,103,BKN,105,Final
2025-02-22 19:16:00,0022400808,2025-02-22 05:30 PM PST,DEN,74,LAL,83,3rd Qtr             
2025-02-22 19:16:00,0022400809,2025-02-22 06:30 PM PST,UTA,38,HOU,39,2nd Qtr             
2025-02-22 19:16:00,0022400810,2025-02-22 07:00 PM PST,POR,3,CHA,4,1st Qtr             
2025-02-22 19:16:27,0022400806,2025-02-22 02:00 PM PST,CHI,117,PHX,121,Final
2025-02-22 19:16:28,0022400807,2025-02-22 04:30 PM PST,PHI,103,BKN,105,Final
2025-02-22 19:16:28,0022400808,2025-02-22 05:30 PM PST,DEN,74,LAL,83,3rd Qtr             
2025-02-22 19:16:28,0022400809,2025-02-22 06:30 PM PST,UTA,38,HOU,39,2nd Qtr             
2025-02-22 19:16:28,0022400810,2025-02-22 07:00 PM PST,POR,5,CHA,4,1st Qtr             
2025-02-22 19:16:30,0022400806,2025-02-22 02:00 PM PST,CHI,117,PHX,121,Final
2025-02-22 19:16:30,0022400807,2025-02-22 04:30 PM PST,PHI,103,BKN,105,Final
2025-02-22 19:16:30,0022400808,2025-02-22 05:30 PM PST,DEN,74,LAL,83,3rd Qtr             
2025-02-22 19:16:31,0022400809,2025-02-22 06:30 PM PST,UTA,38,HOU,39,2nd Qtr             
2025-02-22 19:16:31,0022400810,2025-02-22 07:00 PM PST,POR,5,CHA,4,1st Qtr             
2025-02-22 19:16:58,0022400808,2025-02-22 05:30 PM PST,DEN,74,LAL,83,Q3 4:27
2025-02-22 19:16:58,0022400809,2025-02-22 06:30 PM PST,UTA,38,HOU,41,Q2 7:16
2025-02-22 19:16:58,0022400810,2025-02-22 07:00 PM PST,POR,7,CHA,4,Q1 9:22
2025-02-22 19:16:58,0022400806,2025-02-22 02:00 PM PST,CHI,117,PHX,121,Final
2025-02-22 19:16:58,0022400807,2025-02-22 04:30 PM PST,PHI,103,BKN,105,Final
2025-02-22 19:17:01,0022400806,2025-02-22 02:00 PM PST,CHI,117,PHX,121,Final
2025-02-22 19:17:01,0022400807,2025-02-22 04:30 PM PST,PHI,103,BKN,105,Final
2025-02-22 19:17:01,0022400808,2025-02-22 05:30 PM PST,DEN,74,LAL,83,3rd Qtr             
2025-02-22 19:17:01,0022400809,2025-02-22 06:30 PM PST,UTA,38,HOU,41,2nd Qtr             
2025-02-22 19:17:01,0022400810,2025-02-22 07:00 PM PST,POR,7,CHA,4,1st Qtr             
2025-02-22 19:17:25,0022400806,2025-02-22 02:00 PM PST,CHI,117,PHX,121,Final
2025-02-22 19:17:25,0022400807,2025-02-22 04:30 PM PST,PHI,103,BKN,105,Final
2025-02-22 19:17:25,0022400808,2025-02-22 05:30 PM PST,DEN,74,LAL,84,3rd Qtr             
2025-02-22 19:17:25,0022400809,2025-02-22 06:30 PM PST,UTA,40,HOU,41,2nd Qtr             
2025-02-22 19:17:25,0022400810,2025-02-22 07:00 PM PST,POR,7,CHA,4,1st Qtr             
2025-02-22 19:17:25,0022400806,2025-02-22 02:00 PM PST,CHI,117,PHX,121,Final
2025-02-22 19:17:26,0022400807,2025-02-22 04:30 PM PST,PHI,103,BKN,105,Final
2025-02-22 19:17:26,0022400808,2025-02-22 05:30 PM PST,DEN,74,LAL,84,3rd Qtr             
2025-02-22 19:17:26,0022400809,2025-02-22 06:30 PM PST,UTA,40,HOU,41,2nd Qtr             
2025-02-22 19:17:26,0022400810,2025-02-22 07:00 PM PST,POR,7,CHA,4,1st Qtr             
2025-02-22 19:17:29,0022400806,2025-02-22 02:00 PM PST,CHI,117,PHX,121,Final
2025-02-22 19:17:29,0022400807,2025-02-22 04:30 PM PST,PHI,103,BKN,105,Final
2025-02-22 19:17:29,0022400808,2025-02-22 05:30 PM PST,DEN,74,LAL,85,3rd Qtr             
2025-02-22 19:17:29,0022400809,2025-02-22 06:30 PM PST,UTA,40,HOU,41,2nd Qtr             
2025-02-22 19:17:29,0022400810,2025-02-22 07:00 PM PST,POR,7,CHA,4,1st Qtr             
2025-02-22 19:17:38,0022400808,2025-02-22 05:30 PM PST,DEN,74,LAL,85,Q3 4:08
2025-02-22 19:17:38,0022400809,2025-02-22 06:30 PM PST,UTA,40,HOU,41,Q2 6:53
2025-02-22 19:17:38,0022400810,2025-02-22 07:00 PM PST,POR,7,CHA,4,Q1 9:02
2025-02-22 19:17:38,0022400806,2025-02-22 02:00 PM PST,CHI,117,PHX,121,Final
2025-02-22 19:17:38,0022400807,2025-02-22 04:30 PM PST,PHI,103,BKN,105,Final
2025-02-22 19:17:39,0022400808,2025-02-22 05:30 PM PST,DEN,74,LAL,85,Q3 4:08
2025-02-22 19:17:39,0022400809,2025-02-22 06:30 PM PST,UTA,40,HOU,41,Q2 6:53
2025-02-22 19:17:39,0022400810,2025-02-22 07:00 PM PST,POR,7,CHA,4,Q1 9:02
2025-02-22 19:17:39,0022400806,2025-02-22 02:00 PM PST,CHI,117,PHX,121,Final
2025-02-22 19:17:39,0022400807,2025-02-22 04:30 PM PST,PHI,103,BKN,105,Final
2025-02-22 19:17:59,0022400806,2025-02-22 02:00 PM PST,CHI,117,PHX,121,Final
2025-02-22 19:17:59,0022400807,2025-02-22 04:30 PM PST,PHI,103,BKN,105,Final
2025-02-22 19:17:59,0022400808,2025-02-22 05:30 PM PST,DEN,74,LAL,85,3rd Qtr             
2025-02-22 19:18:00,0022400809,2025-02-22 06:30 PM PST,UTA,40,HOU,41,2nd Qtr             
2025-02-22 19:18:00,0022400810,2025-02-22 07:00 PM PST,POR,8,CHA,4,1st Qtr             
2025-02-22 19:18:09,0022400806,2025-02-22 02:00 PM PST,CHI,117,PHX,121,Final
2025-02-22 19:18:09,0022400807,2025-02-22 04:30 PM PST,PHI,103,BKN,105,Final
2025-02-22 19:18:09,0022400808,2025-02-22 05:30 PM PST,DEN,74,LAL,85,3rd Qtr             
2025-02-22 19:18:10,0022400809,2025-02-22 06:30 PM PST,UTA,40,HOU,41,2nd Qtr             
2025-02-22 19:18:10,0022400810,2025-02-22 07:00 PM PST,POR,9,CHA,4,1st Qtr             
2025-02-22 19:18:30,0022400806,2025-02-22 02:00 PM PST,CHI,117,PHX,121,Final
2025-02-22 19:18:30,0022400807,2025-02-22 04:30 PM PST,PHI,103,BKN,105,Final
2025-02-22 19:18:30,0022400808,2025-02-22 05:30 PM PST,DEN,77,LAL,85,3rd Qtr             
2025-02-22 19:18:30,0022400809,2025-02-22 06:30 PM PST,UTA,40,HOU,43,2nd Qtr             
2025-02-22 19:18:30,0022400810,2025-02-22 07:00 PM PST,POR,9,CHA,4,1st Qtr             
2025-02-22 19:18:40,0022400806,2025-02-22 02:00 PM PST,CHI,117,PHX,121,Final
2025-02-22 19:18:40,0022400807,2025-02-22 04:30 PM PST,PHI,103,BKN,105,Final
2025-02-22 19:18:40,0022400808,2025-02-22 05:30 PM PST,DEN,77,LAL,85,3rd Qtr             
2025-02-22 19:18:40,0022400809,2025-02-22 06:30 PM PST,UTA,40,HOU,43,2nd Qtr             
2025-02-22 19:18:40,0022400810,2025-02-22 07:00 PM PST,POR,9,CHA,4,1st Qtr             
2025-02-22 19:19:00,0022400806,2025-02-22 02:00 PM PST,CHI,117,PHX,121,Final
2025-02-22 19:19:01,0022400807,2025-02-22 04:30 PM PST,PHI,103,BKN,105,Final
2025-02-22 19:19:01,0022400808,2025-02-22 05:30 PM PST,DEN,77,LAL,88,3rd Qtr             
2025-02-22 19:19:01,0022400809,2025-02-22 06:30 PM PST,UTA,40,HOU,43,2nd Qtr             
2025-02-22 19:19:01,0022400810,2025-02-22 07:00 PM PST,POR,9,CHA,4,1st Qtr             
2025-02-22 19:19:10,0022400808,2025-02-22 05:30 PM PST,DEN,79,LAL,88,Q3 2:53
2025-02-22 19:19:10,0022400809,2025-02-22 06:30 PM PST,UTA,40,HOU,43,Q2 6:15
2025-02-22 19:19:11,0022400810,2025-02-22 07:00 PM PST,POR,9,CHA,4,Q1 8:29
2025-02-22 19:19:11,0022400806,2025-02-22 02:00 PM PST,CHI,117,PHX,121,Final
2025-02-22 19:19:11,0022400807,2025-02-22 04:30 PM PST,PHI,103,BKN,105,Final
2025-02-22 19:19:31,0022400806,2025-02-22 02:00 PM PST,CHI,117,PHX,121,Final
2025-02-22 19:19:31,0022400807,2025-02-22 04:30 PM PST,PHI,103,BKN,105,Final
2025-02-22 19:19:31,0022400808,2025-02-22 05:30 PM PST,DEN,79,LAL,91,3rd Qtr             
2025-02-22 19:19:31,0022400809,2025-02-22 06:30 PM PST,UTA,40,HOU,43,2nd Qtr             
2025-02-22 19:19:31,0022400810,2025-02-22 07:00 PM PST,POR,11,CHA,4,1st Qtr             
2025-02-22 19:19:41,0022400808,2025-02-22 05:30 PM PST,DEN,82,LAL,91,Q3 2:11
2025-02-22 19:19:41,0022400809,2025-02-22 06:30 PM PST,UTA,40,HOU,43,Q2 6:15
2025-02-22 19:19:41,0022400810,2025-02-22 07:00 PM PST,POR,11,CHA,4,Q1 7:58
2025-02-22 19:19:41,0022400806,2025-02-22 02:00 PM PST,CHI,117,PHX,121,Final
2025-02-22 19:19:41,0022400807,2025-02-22 04:30 PM PST,PHI,103,BKN,105,Final
2025-02-22 19:20:02,0022400806,2025-02-22 02:00 PM PST,CHI,117,PHX,121,Final
2025-02-22 19:20:02,0022400807,2025-02-22 04:30 PM PST,PHI,103,BKN,105,Final
2025-02-22 19:20:02,0022400808,2025-02-22 05:30 PM PST,DEN,82,LAL,91,3rd Qtr             
2025-02-22 19:20:02,0022400809,2025-02-22 06:30 PM PST,UTA,40,HOU,43,2nd Qtr             
2025-02-22 19:20:02,0022400810,2025-02-22 07:00 PM PST,POR,11,CHA,4,1st Qtr             
2025-02-22 19:20:12,0022400806,2025-02-22 02:00 PM PST,CHI,117,PHX,121,Final
2025-02-22 19:20:12,0022400807,2025-02-22 04:30 PM PST,PHI,103,BKN,105,Final
2025-02-22 19:20:12,0022400808,2025-02-22 05:30 PM PST,DEN,82,LAL,94,3rd Qtr             
2025-02-22 19:20:12,0022400809,2025-02-22 06:30 PM PST,UTA,40,HOU,43,2nd Qtr             
2025-02-22 19:20:12,0022400810,2025-02-22 07:00 PM PST,POR,11,CHA,4,1st Qtr             
2025-02-22 19:20:32,0022400808,2025-02-22 05:30 PM PST,DEN,82,LAL,94,Q3 1:55
2025-02-22 19:20:32,0022400809,2025-02-22 06:30 PM PST,UTA,40,HOU,43,Q2 6:15
2025-02-22 19:20:32,0022400810,2025-02-22 07:00 PM PST,POR,11,CHA,4,Q1 7:58
2025-02-22 19:20:33,0022400806,2025-02-22 02:00 PM PST,CHI,117,PHX,121,Final
2025-02-22 19:20:33,0022400807,2025-02-22 04:30 PM PST,PHI,103,BKN,105,Final
2025-02-22 19:20:42,0022400808,2025-02-22 05:30 PM PST,DEN,82,LAL,94,Q3 1:55
2025-02-22 19:20:43,0022400809,2025-02-22 06:30 PM PST,UTA,40,HOU,43,Q2 6:15
2025-02-22 19:20:43,0022400810,2025-02-22 07:00 PM PST,POR,11,CHA,4,Q1 7:58
2025-02-22 19:20:43,0022400806,2025-02-22 02:00 PM PST,CHI,117,PHX,121,Final
2025-02-22 19:20:43,0022400807,2025-02-22 04:30 PM PST,PHI,103,BKN,105,Final
2025-02-22 19:21:03,0022400806,2025-02-22 02:00 PM PST,CHI,117,PHX,121,Final
2025-02-22 19:21:03,0022400807,2025-02-22 04:30 PM PST,PHI,103,BKN,105,Final
2025-02-22 19:21:03,0022400808,2025-02-22 05:30 PM PST,DEN,82,LAL,94,3rd Qtr             
2025-02-22 19:21:03,0022400809,2025-02-22 06:30 PM PST,UTA,40,HOU,43,2nd Qtr             
2025-02-22 19:21:03,0022400810,2025-02-22 07:00 PM PST,POR,11,CHA,4,1st Qtr             
2025-02-22 19:21:13,0022400808,2025-02-22 05:30 PM PST,DEN,82,LAL,94,Q3 1:55
2025-02-22 19:21:13,0022400809,2025-02-22 06:30 PM PST,UTA,40,HOU,43,Q2 6:15
2025-02-22 19:21:13,0022400810,2025-02-22 07:00 PM PST,POR,11,CHA,4,Q1 7:58
2025-02-22 19:21:14,0022400806,2025-02-22 02:00 PM PST,CHI,117,PHX,121,Final
2025-02-22 19:21:14,0022400807,2025-02-22 04:30 PM PST,PHI,103,BKN,105,Final
2025-02-22 19:21:34,0022400806,2025-02-22 02:00 PM PST,CHI,117,PHX,121,Final
2025-02-22 19:21:34,0022400807,2025-02-22 04:30 PM PST,PHI,103,BKN,105,Final
2025-02-22 19:21:34,0022400808,2025-02-22 05:30 PM PST,DEN,82,LAL,94,3rd Qtr             
2025-02-22 19:21:34,0022400809,2025-02-22 06:30 PM PST,UTA,40,HOU,43,2nd Qtr             
2025-02-22 19:21:34,0022400810,2025-02-22 07:00 PM PST,POR,11,CHA,4,1st Qtr             
2025-02-22 19:21:44,0022400806,2025-02-22 02:00 PM PST,CHI,117,PHX,121,Final
2025-02-22 19:21:44,0022400807,2025-02-22 04:30 PM PST,PHI,103,BKN,105,Final
2025-02-22 19:21:44,0022400808,2025-02-22 05:30 PM PST,DEN,82,LAL,94,3rd Qtr             
2025-02-22 19:21:44,0022400809,2025-02-22 06:30 PM PST,UTA,40,HOU,43,2nd Qtr             
2025-02-22 19:21:44,0022400810,2025-02-22 07:00 PM PST,POR,11,CHA,4,1st Qtr             
2025-02-22 19:22:04,0022400808,2025-02-22 05:30 PM PST,DEN,82,LAL,94,Q3 1:55
2025-02-22 19:22:04,0022400809,2025-02-22 06:30 PM PST,UTA,40,HOU,45,Q2 5:54
2025-02-22 19:22:04,0022400810,2025-02-22 07:00 PM PST,POR,11,CHA,4,Q1 7:58
2025-02-22 19:22:04,0022400806,2025-02-22 02:00 PM PST,CHI,117,PHX,121,Final
2025-02-22 19:22:05,0022400807,2025-02-22 04:30 PM PST,PHI,103,BKN,105,Final
2025-02-22 19:22:15,0022400806,2025-02-22 02:00 PM PST,CHI,117,PHX,121,Final
2025-02-22 19:22:15,0022400807,2025-02-22 04:30 PM PST,PHI,103,BKN,105,Final
2025-02-22 19:22:15,0022400808,2025-02-22 05:30 PM PST,DEN,82,LAL,94,3rd Qtr             
2025-02-22 19:22:15,0022400809,2025-02-22 06:30 PM PST,UTA,40,HOU,45,2nd Qtr             
2025-02-22 19:22:15,0022400810,2025-02-22 07:00 PM PST,POR,11,CHA,4,1st Qtr             
2025-02-22 19:22:35,0022400806,2025-02-22 02:00 PM PST,CHI,117,PHX,121,Final
2025-02-22 19:22:35,0022400807,2025-02-22 04:30 PM PST,PHI,103,BKN,105,Final
2025-02-22 19:22:35,0022400808,2025-02-22 05:30 PM PST,DEN,82,LAL,94,3rd Qtr             
2025-02-22 19:22:35,0022400809,2025-02-22 06:30 PM PST,UTA,42,HOU,45,2nd Qtr             
2025-02-22 19:22:35,0022400810,2025-02-22 07:00 PM PST,POR,11,CHA,4,1st Qtr             
2025-02-22 19:22:45,0022400808,2025-02-22 05:30 PM PST,DEN,82,LAL,94,Q3 1:55
2025-02-22 19:22:45,0022400809,2025-02-22 06:30 PM PST,UTA,42,HOU,45,Q2 5:26
2025-02-22 19:22:45,0022400810,2025-02-22 07:00 PM PST,POR,11,CHA,4,Q1 7:58
2025-02-22 19:22:45,0022400806,2025-02-22 02:00 PM PST,CHI,117,PHX,121,Final
2025-02-22 19:22:46,0022400807,2025-02-22 04:30 PM PST,PHI,103,BKN,105,Final
2025-02-22 19:23:06,0022400806,2025-02-22 02:00 PM PST,CHI,117,PHX,121,Final
2025-02-22 19:23:06,0022400807,2025-02-22 04:30 PM PST,PHI,103,BKN,105,Final
2025-02-22 19:23:06,0022400808,2025-02-22 05:30 PM PST,DEN,82,LAL,94,3rd Qtr             
2025-02-22 19:23:06,0022400809,2025-02-22 06:30 PM PST,UTA,42,HOU,45,2nd Qtr             
2025-02-22 19:23:06,0022400810,2025-02-22 07:00 PM PST,POR,11,CHA,4,1st Qtr             
2025-02-22 19:23:16,0022400806,2025-02-22 02:00 PM PST,CHI,117,PHX,121,Final
2025-02-22 19:23:16,0022400807,2025-02-22 04:30 PM PST,PHI,103,BKN,105,Final
2025-02-22 19:23:16,0022400808,2025-02-22 05:30 PM PST,DEN,82,LAL,94,3rd Qtr             
2025-02-22 19:23:16,0022400809,2025-02-22 06:30 PM PST,UTA,42,HOU,45,2nd Qtr             
2025-02-22 19:23:16,0022400810,2025-02-22 07:00 PM PST,POR,11,CHA,4,1st Qtr             
2025-02-22 19:23:36,0022400806,2025-02-22 02:00 PM PST,CHI,117,PHX,121,Final
2025-02-22 19:23:36,0022400807,2025-02-22 04:30 PM PST,PHI,103,BKN,105,Final
2025-02-22 19:23:36,0022400808,2025-02-22 05:30 PM PST,DEN,82,LAL,94,3rd Qtr             
2025-02-22 19:23:37,0022400809,2025-02-22 06:30 PM PST,UTA,45,HOU,45,2nd Qtr             
2025-02-22 19:23:37,0022400810,2025-02-22 07:00 PM PST,POR,14,CHA,4,1st Qtr             
2025-02-22 19:23:46,0022400806,2025-02-22 02:00 PM PST,CHI,117,PHX,121,Final
2025-02-22 19:23:47,0022400807,2025-02-22 04:30 PM PST,PHI,103,BKN,105,Final
2025-02-22 19:23:47,0022400808,2025-02-22 05:30 PM PST,DEN,82,LAL,94,3rd Qtr             
2025-02-22 19:23:47,0022400809,2025-02-22 06:30 PM PST,UTA,45,HOU,45,2nd Qtr             
2025-02-22 19:23:47,0022400810,2025-02-22 07:00 PM PST,POR,14,CHA,4,1st Qtr             
2025-02-22 19:24:07,0022400806,2025-02-22 02:00 PM PST,CHI,117,PHX,121,Final
2025-02-22 19:24:07,0022400807,2025-02-22 04:30 PM PST,PHI,103,BKN,105,Final
2025-02-22 19:24:07,0022400808,2025-02-22 05:30 PM PST,DEN,82,LAL,94,3rd Qtr             
2025-02-22 19:24:07,0022400809,2025-02-22 06:30 PM PST,UTA,45,HOU,45,2nd Qtr             
2025-02-22 19:24:07,0022400810,2025-02-22 07:00 PM PST,POR,16,CHA,4,1st Qtr             
2025-02-22 19:24:17,0022400806,2025-02-22 02:00 PM PST,CHI,117,PHX,121,Final
2025-02-22 19:24:17,0022400807,2025-02-22 04:30 PM PST,PHI,103,BKN,105,Final
2025-02-22 19:24:17,0022400808,2025-02-22 05:30 PM PST,DEN,82,LAL,94,3rd Qtr             
2025-02-22 19:24:17,0022400809,2025-02-22 06:30 PM PST,UTA,45,HOU,45,2nd Qtr             
2025-02-22 19:24:17,0022400810,2025-02-22 07:00 PM PST,POR,16,CHA,4,1st Qtr             
2025-02-22 19:24:38,0022400806,2025-02-22 02:00 PM PST,CHI,117,PHX,121,Final
2025-02-22 19:24:38,0022400807,2025-02-22 04:30 PM PST,PHI,103,BKN,105,Final
2025-02-22 19:24:38,0022400808,2025-02-22 05:30 PM PST,DEN,82,LAL,94,3rd Qtr             
2025-02-22 19:24:38,0022400809,2025-02-22 06:30 PM PST,UTA,45,HOU,45,2nd Qtr             
2025-02-22 19:24:38,0022400810,2025-02-22 07:00 PM PST,POR,16,CHA,4,1st Qtr             
2025-02-22 19:24:48,0022400806,2025-02-22 02:00 PM PST,CHI,117,PHX,121,Final
2025-02-22 19:24:48,0022400807,2025-02-22 04:30 PM PST,PHI,103,BKN,105,Final
2025-02-22 19:24:48,0022400808,2025-02-22 05:30 PM PST,DEN,82,LAL,94,3rd Qtr             
2025-02-22 19:24:48,0022400809,2025-02-22 06:30 PM PST,UTA,45,HOU,45,2nd Qtr             
2025-02-22 19:24:48,0022400810,2025-02-22 07:00 PM PST,POR,16,CHA,4,1st Qtr             
2025-02-22 19:25:08,0022400806,2025-02-22 02:00 PM PST,CHI,117,PHX,121,Final
2025-02-22 19:25:08,0022400807,2025-02-22 04:30 PM PST,PHI,103,BKN,105,Final
2025-02-22 19:25:09,0022400808,2025-02-22 05:30 PM PST,DEN,82,LAL,94,3rd Qtr             
2025-02-22 19:25:09,0022400809,2025-02-22 06:30 PM PST,UTA,45,HOU,47,2nd Qtr             
2025-02-22 19:25:09,0022400810,2025-02-22 07:00 PM PST,POR,16,CHA,4,1st Qtr             
2025-02-22 19:25:18,0022400806,2025-02-22 02:00 PM PST,CHI,117,PHX,121,Final
2025-02-22 19:25:18,0022400807,2025-02-22 04:30 PM PST,PHI,103,BKN,105,Final
2025-02-22 19:25:19,0022400808,2025-02-22 05:30 PM PST,DEN,82,LAL,94,3rd Qtr             
2025-02-22 19:25:19,0022400809,2025-02-22 06:30 PM PST,UTA,45,HOU,47,2nd Qtr             
2025-02-22 19:25:19,0022400810,2025-02-22 07:00 PM PST,POR,16,CHA,4,1st Qtr             
2025-02-22 19:25:39,0022400806,2025-02-22 02:00 PM PST,CHI,117,PHX,121,Final
2025-02-22 19:25:39,0022400807,2025-02-22 04:30 PM PST,PHI,103,BKN,105,Final
2025-02-22 19:25:39,0022400808,2025-02-22 05:30 PM PST,DEN,82,LAL,94,3rd Qtr             
2025-02-22 19:25:39,0022400809,2025-02-22 06:30 PM PST,UTA,45,HOU,47,2nd Qtr             
2025-02-22 19:25:39,0022400810,2025-02-22 07:00 PM PST,POR,16,CHA,4,1st Qtr             
2025-02-22 19:25:49,0022400808,2025-02-22 05:30 PM PST,DEN,84,LAL,94,Q3 1:27
2025-02-22 19:25:49,0022400809,2025-02-22 06:30 PM PST,UTA,45,HOU,47,Q2 4:12
2025-02-22 19:25:49,0022400810,2025-02-22 07:00 PM PST,POR,16,CHA,4,Q1 7:08
2025-02-22 19:25:49,0022400806,2025-02-22 02:00 PM PST,CHI,117,PHX,121,Final
2025-02-22 19:25:49,0022400807,2025-02-22 04:30 PM PST,PHI,103,BKN,105,Final
2025-02-22 19:26:10,0022400806,2025-02-22 02:00 PM PST,CHI,117,PHX,121,Final
2025-02-22 19:26:10,0022400807,2025-02-22 04:30 PM PST,PHI,103,BKN,105,Final
2025-02-22 19:26:10,0022400808,2025-02-22 05:30 PM PST,DEN,84,LAL,94,3rd Qtr             
2025-02-22 19:26:10,0022400809,2025-02-22 06:30 PM PST,UTA,45,HOU,47,2nd Qtr             
2025-02-22 19:26:10,0022400810,2025-02-22 07:00 PM PST,POR,16,CHA,4,1st Qtr             
2025-02-22 19:26:20,0022400806,2025-02-22 02:00 PM PST,CHI,117,PHX,121,Final
2025-02-22 19:26:20,0022400807,2025-02-22 04:30 PM PST,PHI,103,BKN,105,Final
2025-02-22 19:26:20,0022400808,2025-02-22 05:30 PM PST,DEN,84,LAL,96,3rd Qtr             
2025-02-22 19:26:20,0022400809,2025-02-22 06:30 PM PST,UTA,45,HOU,47,2nd Qtr             
2025-02-22 19:26:20,0022400810,2025-02-22 07:00 PM PST,POR,16,CHA,4,1st Qtr             
2025-02-22 19:26:40,0022400806,2025-02-22 02:00 PM PST,CHI,117,PHX,121,Final
2025-02-22 19:26:40,0022400807,2025-02-22 04:30 PM PST,PHI,103,BKN,105,Final
2025-02-22 19:26:41,0022400808,2025-02-22 05:30 PM PST,DEN,86,LAL,96,3rd Qtr             
2025-02-22 19:26:41,0022400809,2025-02-22 06:30 PM PST,UTA,45,HOU,47,2nd Qtr             
2025-02-22 19:26:41,0022400810,2025-02-22 07:00 PM PST,POR,16,CHA,4,1st Qtr             
2025-02-22 19:26:50,0022400806,2025-02-22 02:00 PM PST,CHI,117,PHX,121,Final
2025-02-22 19:26:50,0022400807,2025-02-22 04:30 PM PST,PHI,103,BKN,105,Final
2025-02-22 19:26:50,0022400808,2025-02-22 05:30 PM PST,DEN,86,LAL,96,3rd Qtr             
2025-02-22 19:26:51,0022400809,2025-02-22 06:30 PM PST,UTA,45,HOU,47,2nd Qtr             
2025-02-22 19:26:51,0022400810,2025-02-22 07:00 PM PST,POR,16,CHA,4,1st Qtr             
2025-02-22 19:27:11,0022400806,2025-02-22 02:00 PM PST,CHI,117,PHX,121,Final
2025-02-22 19:27:11,0022400807,2025-02-22 04:30 PM PST,PHI,103,BKN,105,Final
2025-02-22 19:27:11,0022400808,2025-02-22 05:30 PM PST,DEN,86,LAL,96,3rd Qtr             
2025-02-22 19:27:11,0022400809,2025-02-22 06:30 PM PST,UTA,45,HOU,47,2nd Qtr             
2025-02-22 19:27:11,0022400810,2025-02-22 07:00 PM PST,POR,16,CHA,4,1st Qtr             
2025-02-22 19:27:21,0022400806,2025-02-22 02:00 PM PST,CHI,117,PHX,121,Final
2025-02-22 19:27:21,0022400807,2025-02-22 04:30 PM PST,PHI,103,BKN,105,Final
2025-02-22 19:27:21,0022400808,2025-02-22 05:30 PM PST,DEN,86,LAL,96,3rd Qtr             
2025-02-22 19:27:21,0022400809,2025-02-22 06:30 PM PST,UTA,45,HOU,47,2nd Qtr             
2025-02-22 19:27:21,0022400810,2025-02-22 07:00 PM PST,POR,16,CHA,4,1st Qtr             
2025-02-22 19:27:42,0022400806,2025-02-22 02:00 PM PST,CHI,117,PHX,121,Final
2025-02-22 19:27:42,0022400807,2025-02-22 04:30 PM PST,PHI,103,BKN,105,Final
2025-02-22 19:27:42,0022400808,2025-02-22 05:30 PM PST,DEN,86,LAL,96,3rd Qtr             
2025-02-22 19:27:42,0022400809,2025-02-22 06:30 PM PST,UTA,45,HOU,47,2nd Qtr             
2025-02-22 19:27:42,0022400810,2025-02-22 07:00 PM PST,POR,16,CHA,4,1st Qtr             
2025-02-22 19:27:52,0022400808,2025-02-22 05:30 PM PST,DEN,87,LAL,96,Q3 :29.5
2025-02-22 19:27:52,0022400809,2025-02-22 06:30 PM PST,UTA,45,HOU,47,Q2 3:29
2025-02-22 19:27:52,0022400810,2025-02-22 07:00 PM PST,POR,16,CHA,6,Q1 6:41
2025-02-22 19:27:52,0022400806,2025-02-22 02:00 PM PST,CHI,117,PHX,121,Final
2025-02-22 19:27:52,0022400807,2025-02-22 04:30 PM PST,PHI,103,BKN,105,Final
2025-02-22 19:28:12,0022400806,2025-02-22 02:00 PM PST,CHI,117,PHX,121,Final
2025-02-22 19:28:12,0022400807,2025-02-22 04:30 PM PST,PHI,103,BKN,105,Final
2025-02-22 19:28:12,0022400808,2025-02-22 05:30 PM PST,DEN,87,LAL,96,3rd Qtr             
2025-02-22 19:28:12,0022400809,2025-02-22 06:30 PM PST,UTA,45,HOU,49,2nd Qtr             
2025-02-22 19:28:13,0022400810,2025-02-22 07:00 PM PST,POR,16,CHA,6,1st Qtr             
2025-02-22 19:28:22,0022400806,2025-02-22 02:00 PM PST,CHI,117,PHX,121,Final
2025-02-22 19:28:22,0022400807,2025-02-22 04:30 PM PST,PHI,103,BKN,105,Final
2025-02-22 19:28:22,0022400808,2025-02-22 05:30 PM PST,DEN,87,LAL,96,3rd Qtr             
2025-02-22 19:28:23,0022400809,2025-02-22 06:30 PM PST,UTA,45,HOU,49,2nd Qtr             
2025-02-22 19:28:23,0022400810,2025-02-22 07:00 PM PST,POR,16,CHA,6,1st Qtr             
2025-02-22 19:28:43,0022400806,2025-02-22 02:00 PM PST,CHI,117,PHX,121,Final
2025-02-22 19:28:43,0022400807,2025-02-22 04:30 PM PST,PHI,103,BKN,105,Final
2025-02-22 19:28:43,0022400808,2025-02-22 05:30 PM PST,DEN,87,LAL,96,3rd Qtr             
2025-02-22 19:28:43,0022400809,2025-02-22 06:30 PM PST,UTA,45,HOU,49,2nd Qtr             
2025-02-22 19:28:43,0022400810,2025-02-22 07:00 PM PST,POR,16,CHA,9,1st Qtr             
2025-02-22 19:28:53,0022400806,2025-02-22 02:00 PM PST,CHI,117,PHX,121,Final
2025-02-22 19:28:53,0022400807,2025-02-22 04:30 PM PST,PHI,103,BKN,105,Final
2025-02-22 19:28:53,0022400808,2025-02-22 05:30 PM PST,DEN,87,LAL,96,3rd Qtr             
2025-02-22 19:28:53,0022400809,2025-02-22 06:30 PM PST,UTA,45,HOU,49,2nd Qtr             
2025-02-22 19:28:53,0022400810,2025-02-22 07:00 PM PST,POR,16,CHA,12,1st Qtr             
2025-02-22 19:29:14,0022400806,2025-02-22 02:00 PM PST,CHI,117,PHX,121,Final
2025-02-22 19:29:14,0022400807,2025-02-22 04:30 PM PST,PHI,103,BKN,105,Final
2025-02-22 19:29:14,0022400808,2025-02-22 05:30 PM PST,DEN,87,LAL,96,3rd Qtr             
2025-02-22 19:29:14,0022400809,2025-02-22 06:30 PM PST,UTA,46,HOU,49,2nd Qtr             
2025-02-22 19:29:14,0022400810,2025-02-22 07:00 PM PST,POR,16,CHA,12,1st Qtr             
2025-02-22 19:29:23,0022400808,2025-02-22 05:30 PM PST,DEN,87,LAL,96,Q3 :11.4
2025-02-22 19:29:23,0022400809,2025-02-22 06:30 PM PST,UTA,46,HOU,49,Q2 2:54
2025-02-22 19:29:24,0022400810,2025-02-22 07:00 PM PST,POR,16,CHA,12,Q1 5:16
2025-02-22 19:29:24,0022400806,2025-02-22 02:00 PM PST,CHI,117,PHX,121,Final
2025-02-22 19:29:24,0022400807,2025-02-22 04:30 PM PST,PHI,103,BKN,105,Final
2025-02-22 19:29:44,0022400806,2025-02-22 02:00 PM PST,CHI,117,PHX,121,Final
2025-02-22 19:29:44,0022400807,2025-02-22 04:30 PM PST,PHI,103,BKN,105,Final
2025-02-22 19:29:44,0022400808,2025-02-22 05:30 PM PST,DEN,87,LAL,96,3rd Qtr             
2025-02-22 19:29:44,0022400809,2025-02-22 06:30 PM PST,UTA,47,HOU,49,2nd Qtr             
2025-02-22 19:29:45,0022400810,2025-02-22 07:00 PM PST,POR,16,CHA,12,1st Qtr             
2025-02-22 19:29:54,0022400806,2025-02-22 02:00 PM PST,CHI,117,PHX,121,Final
2025-02-22 19:29:54,0022400807,2025-02-22 04:30 PM PST,PHI,103,BKN,105,Final
2025-02-22 19:29:54,0022400808,2025-02-22 05:30 PM PST,DEN,87,LAL,96,3rd Qtr             
2025-02-22 19:29:54,0022400809,2025-02-22 06:30 PM PST,UTA,47,HOU,49,2nd Qtr             
2025-02-22 19:29:54,0022400810,2025-02-22 07:00 PM PST,POR,16,CHA,12,1st Qtr             
2025-02-22 19:30:15,0022400806,2025-02-22 02:00 PM PST,CHI,117,PHX,121,Final
2025-02-22 19:30:15,0022400807,2025-02-22 04:30 PM PST,PHI,103,BKN,105,Final
2025-02-22 19:30:15,0022400808,2025-02-22 05:30 PM PST,DEN,87,LAL,96,3rd Qtr             
2025-02-22 19:30:15,0022400809,2025-02-22 06:30 PM PST,UTA,47,HOU,51,2nd Qtr             
2025-02-22 19:30:15,0022400810,2025-02-22 07:00 PM PST,POR,16,CHA,12,1st Qtr             
2025-02-22 19:30:25,0022400806,2025-02-22 02:00 PM PST,CHI,117,PHX,121,Final
2025-02-22 19:30:25,0022400807,2025-02-22 04:30 PM PST,PHI,103,BKN,105,Final
2025-02-22 19:30:25,0022400808,2025-02-22 05:30 PM PST,DEN,87,LAL,96,3rd Qtr             
2025-02-22 19:30:25,0022400809,2025-02-22 06:30 PM PST,UTA,47,HOU,51,2nd Qtr             
2025-02-22 19:30:25,0022400810,2025-02-22 07:00 PM PST,POR,16,CHA,12,1st Qtr             
2025-02-22 19:30:45,0022400806,2025-02-22 02:00 PM PST,CHI,117,PHX,121,Final
2025-02-22 19:30:46,0022400807,2025-02-22 04:30 PM PST,PHI,103,BKN,105,Final
2025-02-22 19:30:46,0022400808,2025-02-22 05:30 PM PST,DEN,87,LAL,96,3rd Qtr             
2025-02-22 19:30:46,0022400809,2025-02-22 06:30 PM PST,UTA,47,HOU,53,2nd Qtr             
2025-02-22 19:30:46,0022400810,2025-02-22 07:00 PM PST,POR,20,CHA,12,1st Qtr             
2025-02-22 19:30:55,0022400808,2025-02-22 05:30 PM PST,DEN,87,LAL,96,Q3 :11.4
2025-02-22 19:30:55,0022400809,2025-02-22 06:30 PM PST,UTA,47,HOU,53,Q2 2:39
2025-02-22 19:30:56,0022400810,2025-02-22 07:00 PM PST,POR,20,CHA,14,Q1 4:29
2025-02-22 19:30:56,0022400806,2025-02-22 02:00 PM PST,CHI,117,PHX,121,Final
2025-02-22 19:30:56,0022400807,2025-02-22 04:30 PM PST,PHI,103,BKN,105,Final
2025-02-22 19:31:16,0022400806,2025-02-22 02:00 PM PST,CHI,117,PHX,121,Final
2025-02-22 19:31:16,0022400807,2025-02-22 04:30 PM PST,PHI,103,BKN,105,Final
2025-02-22 19:31:16,0022400808,2025-02-22 05:30 PM PST,DEN,87,LAL,96,3rd Qtr             
2025-02-22 19:31:16,0022400809,2025-02-22 06:30 PM PST,UTA,47,HOU,53,2nd Qtr             
2025-02-22 19:31:16,0022400810,2025-02-22 07:00 PM PST,POR,20,CHA,14,1st Qtr             
2025-02-22 19:31:26,0022400806,2025-02-22 02:00 PM PST,CHI,117,PHX,121,Final
2025-02-22 19:31:26,0022400807,2025-02-22 04:30 PM PST,PHI,103,BKN,105,Final
2025-02-22 19:31:26,0022400808,2025-02-22 05:30 PM PST,DEN,87,LAL,96,3rd Qtr             
2025-02-22 19:31:26,0022400809,2025-02-22 06:30 PM PST,UTA,47,HOU,53,2nd Qtr             
2025-02-22 19:31:26,0022400810,2025-02-22 07:00 PM PST,POR,22,CHA,14,1st Qtr             
2025-02-22 19:31:47,0022400806,2025-02-22 02:00 PM PST,CHI,117,PHX,121,Final
2025-02-22 19:31:47,0022400807,2025-02-22 04:30 PM PST,PHI,103,BKN,105,Final
2025-02-22 19:31:47,0022400808,2025-02-22 05:30 PM PST,DEN,87,LAL,96,3rd Qtr             
2025-02-22 19:31:47,0022400809,2025-02-22 06:30 PM PST,UTA,48,HOU,53,2nd Qtr             
2025-02-22 19:31:47,0022400810,2025-02-22 07:00 PM PST,POR,22,CHA,14,1st Qtr             
2025-02-22 19:31:57,0022400806,2025-02-22 02:00 PM PST,CHI,117,PHX,121,Final
2025-02-22 19:31:57,0022400807,2025-02-22 04:30 PM PST,PHI,103,BKN,105,Final
2025-02-22 19:31:57,0022400808,2025-02-22 05:30 PM PST,DEN,87,LAL,96,3rd Qtr             
2025-02-22 19:31:57,0022400809,2025-02-22 06:30 PM PST,UTA,48,HOU,53,2nd Qtr             
2025-02-22 19:31:57,0022400810,2025-02-22 07:00 PM PST,POR,22,CHA,14,1st Qtr             
2025-02-22 19:32:17,0022400806,2025-02-22 02:00 PM PST,CHI,117,PHX,121,Final
2025-02-22 19:32:17,0022400807,2025-02-22 04:30 PM PST,PHI,103,BKN,105,Final
2025-02-22 19:32:18,0022400808,2025-02-22 05:30 PM PST,DEN,87,LAL,96,3rd Qtr             
2025-02-22 19:32:18,0022400809,2025-02-22 06:30 PM PST,UTA,48,HOU,53,2nd Qtr             
2025-02-22 19:32:18,0022400810,2025-02-22 07:00 PM PST,POR,23,CHA,14,1st Qtr             
2025-02-22 19:32:28,0022400806,2025-02-22 02:00 PM PST,CHI,117,PHX,121,Final
2025-02-22 19:32:28,0022400807,2025-02-22 04:30 PM PST,PHI,103,BKN,105,Final
2025-02-22 19:32:28,0022400808,2025-02-22 05:30 PM PST,DEN,87,LAL,96,End of 3rd Qtr      
2025-02-22 19:32:28,0022400809,2025-02-22 06:30 PM PST,UTA,48,HOU,53,2nd Qtr             
2025-02-22 19:32:28,0022400810,2025-02-22 07:00 PM PST,POR,23,CHA,16,1st Qtr             
2025-02-22 19:32:48,0022400806,2025-02-22 02:00 PM PST,CHI,117,PHX,121,Final
2025-02-22 19:32:48,0022400807,2025-02-22 04:30 PM PST,PHI,103,BKN,105,Final
2025-02-22 19:32:48,0022400808,2025-02-22 05:30 PM PST,DEN,87,LAL,96,End of 3rd Qtr      
2025-02-22 19:32:48,0022400809,2025-02-22 06:30 PM PST,UTA,50,HOU,53,2nd Qtr             
2025-02-22 19:32:48,0022400810,2025-02-22 07:00 PM PST,POR,23,CHA,16,1st Qtr             
2025-02-22 19:32:58,0022400808,2025-02-22 05:30 PM PST,DEN,87,LAL,96,END Q3
2025-02-22 19:32:58,0022400809,2025-02-22 06:30 PM PST,UTA,50,HOU,53,Q2 1:54
2025-02-22 19:32:58,0022400810,2025-02-22 07:00 PM PST,POR,23,CHA,16,Q1 3:36
2025-02-22 19:32:58,0022400806,2025-02-22 02:00 PM PST,CHI,117,PHX,121,Final
2025-02-22 19:32:59,0022400807,2025-02-22 04:30 PM PST,PHI,103,BKN,105,Final
2025-02-22 19:33:19,0022400806,2025-02-22 02:00 PM PST,CHI,117,PHX,121,Final
2025-02-22 19:33:19,0022400807,2025-02-22 04:30 PM PST,PHI,103,BKN,105,Final
2025-02-22 19:33:19,0022400808,2025-02-22 05:30 PM PST,DEN,87,LAL,96,End of 3rd Qtr      
2025-02-22 19:33:19,0022400809,2025-02-22 06:30 PM PST,UTA,52,HOU,53,2nd Qtr             
2025-02-22 19:33:19,0022400810,2025-02-22 07:00 PM PST,POR,23,CHA,16,1st Qtr             
2025-02-22 19:33:29,0022400806,2025-02-22 02:00 PM PST,CHI,117,PHX,121,Final
2025-02-22 19:33:29,0022400807,2025-02-22 04:30 PM PST,PHI,103,BKN,105,Final
2025-02-22 19:33:29,0022400808,2025-02-22 05:30 PM PST,DEN,87,LAL,96,End of 3rd Qtr      
2025-02-22 19:33:29,0022400809,2025-02-22 06:30 PM PST,UTA,52,HOU,53,2nd Qtr             
2025-02-22 19:33:29,0022400810,2025-02-22 07:00 PM PST,POR,23,CHA,16,1st Qtr             
2025-02-22 19:33:49,0022400808,2025-02-22 05:30 PM PST,DEN,87,LAL,96,END Q3
2025-02-22 19:33:49,0022400809,2025-02-22 06:30 PM PST,UTA,52,HOU,56,Q2 1:20
2025-02-22 19:33:49,0022400810,2025-02-22 07:00 PM PST,POR,25,CHA,16,Q1 3:36
2025-02-22 19:33:49,0022400806,2025-02-22 02:00 PM PST,CHI,117,PHX,121,Final
2025-02-22 19:33:50,0022400807,2025-02-22 04:30 PM PST,PHI,103,BKN,105,Final
2025-02-22 19:34:00,0022400806,2025-02-22 02:00 PM PST,CHI,117,PHX,121,Final
2025-02-22 19:34:00,0022400807,2025-02-22 04:30 PM PST,PHI,103,BKN,105,Final
2025-02-22 19:34:00,0022400808,2025-02-22 05:30 PM PST,DEN,87,LAL,96,End of 3rd Qtr      
2025-02-22 19:34:00,0022400809,2025-02-22 06:30 PM PST,UTA,52,HOU,56,2nd Qtr             
2025-02-22 19:34:00,0022400810,2025-02-22 07:00 PM PST,POR,25,CHA,16,1st Qtr             
2025-02-22 19:34:20,0022400806,2025-02-22 02:00 PM PST,CHI,117,PHX,121,Final
2025-02-22 19:34:20,0022400807,2025-02-22 04:30 PM PST,PHI,103,BKN,105,Final
2025-02-22 19:34:20,0022400808,2025-02-22 05:30 PM PST,DEN,87,LAL,96,End of 3rd Qtr      
2025-02-22 19:34:20,0022400809,2025-02-22 06:30 PM PST,UTA,52,HOU,56,2nd Qtr             
2025-02-22 19:34:20,0022400810,2025-02-22 07:00 PM PST,POR,25,CHA,16,1st Qtr             
2025-02-22 19:34:30,0022400808,2025-02-22 05:30 PM PST,DEN,87,LAL,96,END Q3
2025-02-22 19:34:30,0022400809,2025-02-22 06:30 PM PST,UTA,52,HOU,56,Q2 1:20
2025-02-22 19:34:30,0022400810,2025-02-22 07:00 PM PST,POR,25,CHA,16,Q1 3:01
2025-02-22 19:34:30,0022400806,2025-02-22 02:00 PM PST,CHI,117,PHX,121,Final
2025-02-22 19:34:31,0022400807,2025-02-22 04:30 PM PST,PHI,103,BKN,105,Final
2025-02-22 19:34:51,0022400806,2025-02-22 02:00 PM PST,CHI,117,PHX,121,Final
2025-02-22 19:34:51,0022400807,2025-02-22 04:30 PM PST,PHI,103,BKN,105,Final
2025-02-22 19:34:51,0022400808,2025-02-22 05:30 PM PST,DEN,87,LAL,96,End of 3rd Qtr      
2025-02-22 19:34:51,0022400809,2025-02-22 06:30 PM PST,UTA,52,HOU,56,2nd Qtr             
2025-02-22 19:34:51,0022400810,2025-02-22 07:00 PM PST,POR,25,CHA,16,1st Qtr             
2025-02-22 19:35:01,0022400806,2025-02-22 02:00 PM PST,CHI,117,PHX,121,Final
2025-02-22 19:35:01,0022400807,2025-02-22 04:30 PM PST,PHI,103,BKN,105,Final
2025-02-22 19:35:01,0022400808,2025-02-22 05:30 PM PST,DEN,87,LAL,96,End of 3rd Qtr      
2025-02-22 19:35:01,0022400809,2025-02-22 06:30 PM PST,UTA,52,HOU,56,2nd Qtr             
2025-02-22 19:35:01,0022400810,2025-02-22 07:00 PM PST,POR,28,CHA,16,1st Qtr             
2025-02-22 19:35:21,0022400806,2025-02-22 02:00 PM PST,CHI,117,PHX,121,Final
2025-02-22 19:35:21,0022400807,2025-02-22 04:30 PM PST,PHI,103,BKN,105,Final
2025-02-22 19:35:21,0022400808,2025-02-22 05:30 PM PST,DEN,87,LAL,96,End of 3rd Qtr      
2025-02-22 19:35:21,0022400809,2025-02-22 06:30 PM PST,UTA,52,HOU,56,2nd Qtr             
2025-02-22 19:35:21,0022400810,2025-02-22 07:00 PM PST,POR,28,CHA,19,1st Qtr             
2025-02-22 19:35:31,0022400806,2025-02-22 02:00 PM PST,CHI,117,PHX,121,Final
2025-02-22 19:35:32,0022400807,2025-02-22 04:30 PM PST,PHI,103,BKN,105,Final
2025-02-22 19:35:32,0022400808,2025-02-22 05:30 PM PST,DEN,87,LAL,96,End of 3rd Qtr      
2025-02-22 19:35:32,0022400809,2025-02-22 06:30 PM PST,UTA,52,HOU,56,2nd Qtr             
2025-02-22 19:35:32,0022400810,2025-02-22 07:00 PM PST,POR,30,CHA,19,1st Qtr             
2025-02-22 19:35:52,0022400806,2025-02-22 02:00 PM PST,CHI,117,PHX,121,Final
2025-02-22 19:35:52,0022400807,2025-02-22 04:30 PM PST,PHI,103,BKN,105,Final
2025-02-22 19:35:52,0022400808,2025-02-22 05:30 PM PST,DEN,87,LAL,96,End of 3rd Qtr      
2025-02-22 19:35:52,0022400809,2025-02-22 06:30 PM PST,UTA,52,HOU,56,2nd Qtr             
2025-02-22 19:35:52,0022400810,2025-02-22 07:00 PM PST,POR,30,CHA,19,1st Qtr             
2025-02-22 19:36:02,0022400806,2025-02-22 02:00 PM PST,CHI,117,PHX,121,Final
2025-02-22 19:36:02,0022400807,2025-02-22 04:30 PM PST,PHI,103,BKN,105,Final
2025-02-22 19:36:02,0022400808,2025-02-22 05:30 PM PST,DEN,87,LAL,96,End of 3rd Qtr      
2025-02-22 19:36:02,0022400809,2025-02-22 06:30 PM PST,UTA,52,HOU,56,2nd Qtr             
2025-02-22 19:36:02,0022400810,2025-02-22 07:00 PM PST,POR,30,CHA,19,1st Qtr             
2025-02-22 19:36:22,0022400806,2025-02-22 02:00 PM PST,CHI,117,PHX,121,Final
2025-02-22 19:36:22,0022400807,2025-02-22 04:30 PM PST,PHI,103,BKN,105,Final
2025-02-22 19:36:23,0022400808,2025-02-22 05:30 PM PST,DEN,87,LAL,96,End of 3rd Qtr      
2025-02-22 19:36:23,0022400809,2025-02-22 06:30 PM PST,UTA,54,HOU,57,2nd Qtr             
2025-02-22 19:36:23,0022400810,2025-02-22 07:00 PM PST,POR,30,CHA,19,1st Qtr             
2025-02-22 19:36:33,0022400806,2025-02-22 02:00 PM PST,CHI,117,PHX,121,Final
2025-02-22 19:36:33,0022400807,2025-02-22 04:30 PM PST,PHI,103,BKN,105,Final
2025-02-22 19:36:33,0022400808,2025-02-22 05:30 PM PST,DEN,87,LAL,96,4th Qtr             
2025-02-22 19:36:33,0022400809,2025-02-22 06:30 PM PST,UTA,54,HOU,57,2nd Qtr             
2025-02-22 19:36:33,0022400810,2025-02-22 07:00 PM PST,POR,30,CHA,19,1st Qtr             
2025-02-22 19:36:53,0022400806,2025-02-22 02:00 PM PST,CHI,117,PHX,121,Final
2025-02-22 19:36:53,0022400807,2025-02-22 04:30 PM PST,PHI,103,BKN,105,Final
2025-02-22 19:36:53,0022400808,2025-02-22 05:30 PM PST,DEN,87,LAL,96,4th Qtr             
2025-02-22 19:36:53,0022400809,2025-02-22 06:30 PM PST,UTA,54,HOU,57,2nd Qtr             
2025-02-22 19:36:53,0022400810,2025-02-22 07:00 PM PST,POR,30,CHA,19,1st Qtr             
2025-02-22 19:37:03,0022400806,2025-02-22 02:00 PM PST,CHI,117,PHX,121,Final
2025-02-22 19:37:04,0022400807,2025-02-22 04:30 PM PST,PHI,103,BKN,105,Final
2025-02-22 19:37:04,0022400808,2025-02-22 05:30 PM PST,DEN,87,LAL,96,4th Qtr             
2025-02-22 19:37:04,0022400809,2025-02-22 06:30 PM PST,UTA,54,HOU,59,2nd Qtr             
2025-02-22 19:37:04,0022400810,2025-02-22 07:00 PM PST,POR,30,CHA,19,1st Qtr             
2025-02-22 19:37:24,0022400806,2025-02-22 02:00 PM PST,CHI,117,PHX,121,Final
2025-02-22 19:37:24,0022400807,2025-02-22 04:30 PM PST,PHI,103,BKN,105,Final
2025-02-22 19:37:24,0022400808,2025-02-22 05:30 PM PST,DEN,87,LAL,96,4th Qtr             
2025-02-22 19:37:24,0022400809,2025-02-22 06:30 PM PST,UTA,54,HOU,59,2nd Qtr             
2025-02-22 19:37:24,0022400810,2025-02-22 07:00 PM PST,POR,33,CHA,19,1st Qtr             
2025-02-22 19:37:34,0022400806,2025-02-22 02:00 PM PST,CHI,117,PHX,121,Final
2025-02-22 19:37:34,0022400807,2025-02-22 04:30 PM PST,PHI,103,BKN,105,Final
2025-02-22 19:37:34,0022400808,2025-02-22 05:30 PM PST,DEN,87,LAL,96,4th Qtr             
2025-02-22 19:37:34,0022400809,2025-02-22 06:30 PM PST,UTA,54,HOU,60,2nd Qtr             
2025-02-22 19:37:34,0022400810,2025-02-22 07:00 PM PST,POR,33,CHA,19,1st Qtr             
2025-02-22 19:37:54,0022400806,2025-02-22 02:00 PM PST,CHI,117,PHX,121,Final
2025-02-22 19:37:54,0022400807,2025-02-22 04:30 PM PST,PHI,103,BKN,105,Final
2025-02-22 19:37:54,0022400808,2025-02-22 05:30 PM PST,DEN,87,LAL,96,4th Qtr             
2025-02-22 19:37:54,0022400809,2025-02-22 06:30 PM PST,UTA,54,HOU,62,2nd Qtr             
2025-02-22 19:37:55,0022400810,2025-02-22 07:00 PM PST,POR,33,CHA,21,1st Qtr             
2025-02-22 19:38:05,0022400806,2025-02-22 02:00 PM PST,CHI,117,PHX,121,Final
2025-02-22 19:38:05,0022400807,2025-02-22 04:30 PM PST,PHI,103,BKN,105,Final
2025-02-22 19:38:06,0022400808,2025-02-22 05:30 PM PST,DEN,87,LAL,96,4th Qtr             
2025-02-22 19:38:06,0022400809,2025-02-22 06:30 PM PST,UTA,54,HOU,62,2nd Qtr             
2025-02-22 19:38:06,0022400810,2025-02-22 07:00 PM PST,POR,33,CHA,21,1st Qtr             
2025-02-22 19:38:25,0022400806,2025-02-22 02:00 PM PST,CHI,117,PHX,121,Final
2025-02-22 19:38:25,0022400807,2025-02-22 04:30 PM PST,PHI,103,BKN,105,Final
2025-02-22 19:38:25,0022400808,2025-02-22 05:30 PM PST,DEN,87,LAL,96,4th Qtr             
2025-02-22 19:38:25,0022400809,2025-02-22 06:30 PM PST,UTA,56,HOU,62,2nd Qtr             
2025-02-22 19:38:25,0022400810,2025-02-22 07:00 PM PST,POR,36,CHA,21,1st Qtr             
2025-02-22 19:38:36,0022400806,2025-02-22 02:00 PM PST,CHI,117,PHX,121,Final
2025-02-22 19:38:36,0022400807,2025-02-22 04:30 PM PST,PHI,103,BKN,105,Final
2025-02-22 19:38:36,0022400808,2025-02-22 05:30 PM PST,DEN,87,LAL,96,4th Qtr             
2025-02-22 19:38:36,0022400809,2025-02-22 06:30 PM PST,UTA,56,HOU,62,Halftime            
2025-02-22 19:38:36,0022400810,2025-02-22 07:00 PM PST,POR,36,CHA,21,1st Qtr             
2025-02-22 19:38:55,0022400808,2025-02-22 05:30 PM PST,DEN,87,LAL,96,Q4 10:47
2025-02-22 19:38:55,0022400809,2025-02-22 06:30 PM PST,UTA,56,HOU,62,Half
2025-02-22 19:38:56,0022400810,2025-02-22 07:00 PM PST,POR,36,CHA,21,Q1 :00.0
2025-02-22 19:38:56,0022400806,2025-02-22 02:00 PM PST,CHI,117,PHX,121,Final
2025-02-22 19:38:56,0022400807,2025-02-22 04:30 PM PST,PHI,103,BKN,105,Final
2025-02-22 19:39:07,0022400806,2025-02-22 02:00 PM PST,CHI,117,PHX,121,Final
2025-02-22 19:39:07,0022400807,2025-02-22 04:30 PM PST,PHI,103,BKN,105,Final
2025-02-22 19:39:07,0022400808,2025-02-22 05:30 PM PST,DEN,87,LAL,96,4th Qtr             
2025-02-22 19:39:07,0022400809,2025-02-22 06:30 PM PST,UTA,56,HOU,62,Halftime            
2025-02-22 19:39:07,0022400810,2025-02-22 07:00 PM PST,POR,38,CHA,21,End of 1st Qtr      
2025-02-22 19:39:26,0022400806,2025-02-22 02:00 PM PST,CHI,117,PHX,121,Final
2025-02-22 19:39:26,0022400807,2025-02-22 04:30 PM PST,PHI,103,BKN,105,Final
2025-02-22 19:39:26,0022400808,2025-02-22 05:30 PM PST,DEN,87,LAL,96,4th Qtr             
2025-02-22 19:39:26,0022400809,2025-02-22 06:30 PM PST,UTA,56,HOU,62,Halftime            
2025-02-22 19:39:27,0022400810,2025-02-22 07:00 PM PST,POR,38,CHA,21,End of 1st Qtr      
2025-02-22 19:39:37,0022400806,2025-02-22 02:00 PM PST,CHI,117,PHX,121,Final
2025-02-22 19:39:37,0022400807,2025-02-22 04:30 PM PST,PHI,103,BKN,105,Final
2025-02-22 19:39:37,0022400808,2025-02-22 05:30 PM PST,DEN,87,LAL,96,4th Qtr             
2025-02-22 19:39:37,0022400809,2025-02-22 06:30 PM PST,UTA,56,HOU,62,Halftime            
2025-02-22 19:39:38,0022400810,2025-02-22 07:00 PM PST,POR,38,CHA,21,End of 1st Qtr      
2025-02-22 19:39:57,0022400806,2025-02-22 02:00 PM PST,CHI,117,PHX,121,Final
2025-02-22 19:39:57,0022400807,2025-02-22 04:30 PM PST,PHI,103,BKN,105,Final
2025-02-22 19:39:57,0022400808,2025-02-22 05:30 PM PST,DEN,87,LAL,98,4th Qtr             
2025-02-22 19:39:57,0022400809,2025-02-22 06:30 PM PST,UTA,56,HOU,62,Halftime            
2025-02-22 19:39:57,0022400810,2025-02-22 07:00 PM PST,POR,38,CHA,21,End of 1st Qtr      
2025-02-22 19:40:08,0022400806,2025-02-22 02:00 PM PST,CHI,117,PHX,121,Final
2025-02-22 19:40:08,0022400807,2025-02-22 04:30 PM PST,PHI,103,BKN,105,Final
2025-02-22 19:40:08,0022400808,2025-02-22 05:30 PM PST,DEN,89,LAL,98,4th Qtr             
2025-02-22 19:40:08,0022400809,2025-02-22 06:30 PM PST,UTA,56,HOU,62,Halftime            
2025-02-22 19:40:08,0022400810,2025-02-22 07:00 PM PST,POR,38,CHA,21,End of 1st Qtr      
2025-02-22 19:40:27,0022400806,2025-02-22 02:00 PM PST,CHI,117,PHX,121,Final
2025-02-22 19:40:28,0022400807,2025-02-22 04:30 PM PST,PHI,103,BKN,105,Final
2025-02-22 19:40:28,0022400808,2025-02-22 05:30 PM PST,DEN,89,LAL,98,4th Qtr             
2025-02-22 19:40:28,0022400809,2025-02-22 06:30 PM PST,UTA,56,HOU,62,Halftime            
2025-02-22 19:40:28,0022400810,2025-02-22 07:00 PM PST,POR,38,CHA,21,End of 1st Qtr      
2025-02-22 19:40:39,0022400806,2025-02-22 02:00 PM PST,CHI,117,PHX,121,Final
2025-02-22 19:40:39,0022400807,2025-02-22 04:30 PM PST,PHI,103,BKN,105,Final
2025-02-22 19:40:39,0022400808,2025-02-22 05:30 PM PST,DEN,89,LAL,98,4th Qtr             
2025-02-22 19:40:39,0022400809,2025-02-22 06:30 PM PST,UTA,56,HOU,62,Halftime            
2025-02-22 19:40:39,0022400810,2025-02-22 07:00 PM PST,POR,38,CHA,21,End of 1st Qtr      
2025-02-22 19:40:58,0022400806,2025-02-22 02:00 PM PST,CHI,117,PHX,121,Final
2025-02-22 19:40:58,0022400807,2025-02-22 04:30 PM PST,PHI,103,BKN,105,Final
2025-02-22 19:40:58,0022400808,2025-02-22 05:30 PM PST,DEN,89,LAL,98,4th Qtr             
2025-02-22 19:40:58,0022400809,2025-02-22 06:30 PM PST,UTA,56,HOU,62,Halftime            
2025-02-22 19:40:58,0022400810,2025-02-22 07:00 PM PST,POR,38,CHA,21,End of 1st Qtr      
2025-02-22 19:41:09,0022400806,2025-02-22 02:00 PM PST,CHI,117,PHX,121,Final
2025-02-22 19:41:09,0022400807,2025-02-22 04:30 PM PST,PHI,103,BKN,105,Final
2025-02-22 19:41:09,0022400808,2025-02-22 05:30 PM PST,DEN,89,LAL,98,4th Qtr             
2025-02-22 19:41:09,0022400809,2025-02-22 06:30 PM PST,UTA,56,HOU,62,Halftime            
2025-02-22 19:41:10,0022400810,2025-02-22 07:00 PM PST,POR,38,CHA,21,End of 1st Qtr      
2025-02-22 19:41:29,0022400806,2025-02-22 02:00 PM PST,CHI,117,PHX,121,Final
2025-02-22 19:41:29,0022400807,2025-02-22 04:30 PM PST,PHI,103,BKN,105,Final
2025-02-22 19:41:29,0022400808,2025-02-22 05:30 PM PST,DEN,89,LAL,98,4th Qtr             
2025-02-22 19:41:29,0022400809,2025-02-22 06:30 PM PST,UTA,56,HOU,62,Halftime            
2025-02-22 19:41:29,0022400810,2025-02-22 07:00 PM PST,POR,38,CHA,21,End of 1st Qtr      
2025-02-22 19:41:40,0022400806,2025-02-22 02:00 PM PST,CHI,117,PHX,121,Final
2025-02-22 19:41:40,0022400807,2025-02-22 04:30 PM PST,PHI,103,BKN,105,Final
2025-02-22 19:41:40,0022400808,2025-02-22 05:30 PM PST,DEN,89,LAL,98,4th Qtr             
2025-02-22 19:41:40,0022400809,2025-02-22 06:30 PM PST,UTA,56,HOU,62,Halftime            
2025-02-22 19:41:40,0022400810,2025-02-22 07:00 PM PST,POR,38,CHA,21,End of 1st Qtr      
2025-02-22 19:41:59,0022400806,2025-02-22 02:00 PM PST,CHI,117,PHX,121,Final
2025-02-22 19:41:59,0022400807,2025-02-22 04:30 PM PST,PHI,103,BKN,105,Final
2025-02-22 19:41:59,0022400808,2025-02-22 05:30 PM PST,DEN,89,LAL,98,4th Qtr             
2025-02-22 19:42:00,0022400809,2025-02-22 06:30 PM PST,UTA,56,HOU,62,Halftime            
2025-02-22 19:42:00,0022400810,2025-02-22 07:00 PM PST,POR,38,CHA,21,Start of 2nd Qtr    
2025-02-22 19:42:11,0022400806,2025-02-22 02:00 PM PST,CHI,117,PHX,121,Final
2025-02-22 19:42:11,0022400807,2025-02-22 04:30 PM PST,PHI,103,BKN,105,Final
2025-02-22 19:42:11,0022400808,2025-02-22 05:30 PM PST,DEN,89,LAL,98,4th Qtr             
2025-02-22 19:42:11,0022400809,2025-02-22 06:30 PM PST,UTA,56,HOU,62,Halftime            
2025-02-22 19:42:11,0022400810,2025-02-22 07:00 PM PST,POR,38,CHA,21,2nd Qtr             
2025-02-22 19:42:30,0022400808,2025-02-22 05:30 PM PST,DEN,89,LAL,98,Q4 9:59
2025-02-22 19:42:30,0022400809,2025-02-22 06:30 PM PST,UTA,56,HOU,62,Half
2025-02-22 19:42:30,0022400810,2025-02-22 07:00 PM PST,POR,38,CHA,23,Q2 11:09
2025-02-22 19:42:30,0022400806,2025-02-22 02:00 PM PST,CHI,117,PHX,121,Final
2025-02-22 19:42:30,0022400807,2025-02-22 04:30 PM PST,PHI,103,BKN,105,Final
2025-02-22 19:42:41,0022400806,2025-02-22 02:00 PM PST,CHI,117,PHX,121,Final
2025-02-22 19:42:42,0022400807,2025-02-22 04:30 PM PST,PHI,103,BKN,105,Final
2025-02-22 19:42:42,0022400808,2025-02-22 05:30 PM PST,DEN,89,LAL,98,4th Qtr             
2025-02-22 19:42:42,0022400809,2025-02-22 06:30 PM PST,UTA,56,HOU,62,Halftime            
2025-02-22 19:42:42,0022400810,2025-02-22 07:00 PM PST,POR,38,CHA,23,2nd Qtr             
2025-02-22 19:43:01,0022400806,2025-02-22 02:00 PM PST,CHI,117,PHX,121,Final
2025-02-22 19:43:01,0022400807,2025-02-22 04:30 PM PST,PHI,103,BKN,105,Final
2025-02-22 19:43:01,0022400808,2025-02-22 05:30 PM PST,DEN,89,LAL,98,4th Qtr             
2025-02-22 19:43:01,0022400809,2025-02-22 06:30 PM PST,UTA,56,HOU,62,Halftime            
2025-02-22 19:43:01,0022400810,2025-02-22 07:00 PM PST,POR,38,CHA,23,2nd Qtr             
2025-02-22 19:43:12,0022400806,2025-02-22 02:00 PM PST,CHI,117,PHX,121,Final
2025-02-22 19:43:12,0022400807,2025-02-22 04:30 PM PST,PHI,103,BKN,105,Final
2025-02-22 19:43:12,0022400808,2025-02-22 05:30 PM PST,DEN,89,LAL,98,4th Qtr             
2025-02-22 19:43:12,0022400809,2025-02-22 06:30 PM PST,UTA,56,HOU,62,Halftime            
2025-02-22 19:43:12,0022400810,2025-02-22 07:00 PM PST,POR,38,CHA,23,2nd Qtr             
2025-02-22 19:43:31,0022400806,2025-02-22 02:00 PM PST,CHI,117,PHX,121,Final
2025-02-22 19:43:31,0022400807,2025-02-22 04:30 PM PST,PHI,103,BKN,105,Final
2025-02-22 19:43:31,0022400808,2025-02-22 05:30 PM PST,DEN,89,LAL,98,4th Qtr             
2025-02-22 19:43:31,0022400809,2025-02-22 06:30 PM PST,UTA,56,HOU,62,Halftime            
2025-02-22 19:43:32,0022400810,2025-02-22 07:00 PM PST,POR,39,CHA,23,2nd Qtr             
2025-02-22 19:43:43,0022400806,2025-02-22 02:00 PM PST,CHI,117,PHX,121,Final
2025-02-22 19:43:43,0022400807,2025-02-22 04:30 PM PST,PHI,103,BKN,105,Final
2025-02-22 19:43:43,0022400808,2025-02-22 05:30 PM PST,DEN,89,LAL,98,4th Qtr             
2025-02-22 19:43:43,0022400809,2025-02-22 06:30 PM PST,UTA,56,HOU,62,Halftime            
2025-02-22 19:43:43,0022400810,2025-02-22 07:00 PM PST,POR,39,CHA,25,2nd Qtr             
2025-02-22 19:44:02,0022400806,2025-02-22 02:00 PM PST,CHI,117,PHX,121,Final
2025-02-22 19:44:02,0022400807,2025-02-22 04:30 PM PST,PHI,103,BKN,105,Final
2025-02-22 19:44:02,0022400808,2025-02-22 05:30 PM PST,DEN,89,LAL,98,4th Qtr             
2025-02-22 19:44:02,0022400809,2025-02-22 06:30 PM PST,UTA,56,HOU,62,Halftime            
2025-02-22 19:44:02,0022400810,2025-02-22 07:00 PM PST,POR,41,CHA,25,2nd Qtr             
2025-02-22 19:44:13,0022400806,2025-02-22 02:00 PM PST,CHI,117,PHX,121,Final
2025-02-22 19:44:13,0022400807,2025-02-22 04:30 PM PST,PHI,103,BKN,105,Final
2025-02-22 19:44:14,0022400808,2025-02-22 05:30 PM PST,DEN,89,LAL,98,4th Qtr             
2025-02-22 19:44:14,0022400809,2025-02-22 06:30 PM PST,UTA,56,HOU,62,Halftime            
2025-02-22 19:44:14,0022400810,2025-02-22 07:00 PM PST,POR,41,CHA,25,2nd Qtr             
2025-02-22 19:44:32,0022400806,2025-02-22 02:00 PM PST,CHI,117,PHX,121,Final
2025-02-22 19:44:33,0022400807,2025-02-22 04:30 PM PST,PHI,103,BKN,105,Final
2025-02-22 19:44:33,0022400808,2025-02-22 05:30 PM PST,DEN,89,LAL,100,4th Qtr             
2025-02-22 19:44:33,0022400809,2025-02-22 06:30 PM PST,UTA,56,HOU,62,Halftime            
2025-02-22 19:44:33,0022400810,2025-02-22 07:00 PM PST,POR,41,CHA,25,2nd Qtr             
2025-02-22 19:44:44,0022400808,2025-02-22 05:30 PM PST,DEN,89,LAL,100,Q4 9:11
2025-02-22 19:44:44,0022400809,2025-02-22 06:30 PM PST,UTA,56,HOU,62,Half
2025-02-22 19:44:44,0022400810,2025-02-22 07:00 PM PST,POR,41,CHA,25,Q2 9:51
2025-02-22 19:44:44,0022400806,2025-02-22 02:00 PM PST,CHI,117,PHX,121,Final
2025-02-22 19:44:44,0022400807,2025-02-22 04:30 PM PST,PHI,103,BKN,105,Final
2025-02-22 19:45:03,0022400806,2025-02-22 02:00 PM PST,CHI,117,PHX,121,Final
2025-02-22 19:45:03,0022400807,2025-02-22 04:30 PM PST,PHI,103,BKN,105,Final
2025-02-22 19:45:03,0022400808,2025-02-22 05:30 PM PST,DEN,89,LAL,100,4th Qtr             
2025-02-22 19:45:03,0022400809,2025-02-22 06:30 PM PST,UTA,56,HOU,62,Halftime            
2025-02-22 19:45:03,0022400810,2025-02-22 07:00 PM PST,POR,41,CHA,25,2nd Qtr             
2025-02-22 19:45:15,0022400806,2025-02-22 02:00 PM PST,CHI,117,PHX,121,Final
2025-02-22 19:45:15,0022400807,2025-02-22 04:30 PM PST,PHI,103,BKN,105,Final
2025-02-22 19:45:15,0022400808,2025-02-22 05:30 PM PST,DEN,89,LAL,100,4th Qtr             
2025-02-22 19:45:15,0022400809,2025-02-22 06:30 PM PST,UTA,56,HOU,62,Halftime            
2025-02-22 19:45:15,0022400810,2025-02-22 07:00 PM PST,POR,41,CHA,25,2nd Qtr             
2025-02-22 19:45:34,0022400806,2025-02-22 02:00 PM PST,CHI,117,PHX,121,Final
2025-02-22 19:45:34,0022400807,2025-02-22 04:30 PM PST,PHI,103,BKN,105,Final
2025-02-22 19:45:34,0022400808,2025-02-22 05:30 PM PST,DEN,89,LAL,103,4th Qtr             
2025-02-22 19:45:34,0022400809,2025-02-22 06:30 PM PST,UTA,56,HOU,62,Halftime            
2025-02-22 19:45:34,0022400810,2025-02-22 07:00 PM PST,POR,41,CHA,25,2nd Qtr             
2025-02-22 19:45:45,0022400808,2025-02-22 05:30 PM PST,DEN,91,LAL,103,Q4 8:27
2025-02-22 19:45:45,0022400809,2025-02-22 06:30 PM PST,UTA,56,HOU,62,Half
2025-02-22 19:45:45,0022400810,2025-02-22 07:00 PM PST,POR,41,CHA,25,Q2 9:34
2025-02-22 19:45:45,0022400806,2025-02-22 02:00 PM PST,CHI,117,PHX,121,Final
2025-02-22 19:45:46,0022400807,2025-02-22 04:30 PM PST,PHI,103,BKN,105,Final
2025-02-22 19:46:04,0022400808,2025-02-22 05:30 PM PST,DEN,91,LAL,105,Q4 8:11
2025-02-22 19:46:04,0022400809,2025-02-22 06:30 PM PST,UTA,56,HOU,62,Half
2025-02-22 19:46:04,0022400810,2025-02-22 07:00 PM PST,POR,41,CHA,27,Q2 9:02
2025-02-22 19:46:05,0022400806,2025-02-22 02:00 PM PST,CHI,117,PHX,121,Final
2025-02-22 19:46:05,0022400807,2025-02-22 04:30 PM PST,PHI,103,BKN,105,Final
2025-02-22 19:46:16,0022400806,2025-02-22 02:00 PM PST,CHI,117,PHX,121,Final
2025-02-22 19:46:16,0022400807,2025-02-22 04:30 PM PST,PHI,103,BKN,105,Final
2025-02-22 19:46:16,0022400808,2025-02-22 05:30 PM PST,DEN,91,LAL,105,4th Qtr             
2025-02-22 19:46:16,0022400809,2025-02-22 06:30 PM PST,UTA,56,HOU,62,Halftime            
2025-02-22 19:46:16,0022400810,2025-02-22 07:00 PM PST,POR,43,CHA,27,2nd Qtr             
2025-02-22 19:46:35,0022400806,2025-02-22 02:00 PM PST,CHI,117,PHX,121,Final
2025-02-22 19:46:35,0022400807,2025-02-22 04:30 PM PST,PHI,103,BKN,105,Final
2025-02-22 19:46:35,0022400808,2025-02-22 05:30 PM PST,DEN,91,LAL,105,4th Qtr             
2025-02-22 19:46:36,0022400809,2025-02-22 06:30 PM PST,UTA,56,HOU,62,Halftime            
2025-02-22 19:46:36,0022400810,2025-02-22 07:00 PM PST,POR,45,CHA,27,2nd Qtr             
2025-02-22 19:46:46,0022400806,2025-02-22 02:00 PM PST,CHI,117,PHX,121,Final
2025-02-22 19:46:47,0022400807,2025-02-22 04:30 PM PST,PHI,103,BKN,105,Final
2025-02-22 19:46:47,0022400808,2025-02-22 05:30 PM PST,DEN,91,LAL,108,4th Qtr             
2025-02-22 19:46:47,0022400809,2025-02-22 06:30 PM PST,UTA,56,HOU,62,Halftime            
2025-02-22 19:46:47,0022400810,2025-02-22 07:00 PM PST,POR,45,CHA,27,2nd Qtr             
2025-02-22 19:47:06,0022400806,2025-02-22 02:00 PM PST,CHI,117,PHX,121,Final
2025-02-22 19:47:06,0022400807,2025-02-22 04:30 PM PST,PHI,103,BKN,105,Final
2025-02-22 19:47:06,0022400808,2025-02-22 05:30 PM PST,DEN,91,LAL,108,4th Qtr             
2025-02-22 19:47:06,0022400809,2025-02-22 06:30 PM PST,UTA,56,HOU,62,Halftime            
2025-02-22 19:47:06,0022400810,2025-02-22 07:00 PM PST,POR,45,CHA,27,2nd Qtr             
2025-02-22 19:47:17,0022400806,2025-02-22 02:00 PM PST,CHI,117,PHX,121,Final
2025-02-22 19:47:17,0022400807,2025-02-22 04:30 PM PST,PHI,103,BKN,105,Final
2025-02-22 19:47:17,0022400808,2025-02-22 05:30 PM PST,DEN,91,LAL,108,4th Qtr             
2025-02-22 19:47:17,0022400809,2025-02-22 06:30 PM PST,UTA,56,HOU,62,Halftime            
2025-02-22 19:47:17,0022400810,2025-02-22 07:00 PM PST,POR,45,CHA,27,2nd Qtr             
2025-02-22 19:47:36,0022400808,2025-02-22 05:30 PM PST,DEN,91,LAL,108,Q4 7:31
2025-02-22 19:47:37,0022400809,2025-02-22 06:30 PM PST,UTA,56,HOU,62,Half
2025-02-22 19:47:37,0022400810,2025-02-22 07:00 PM PST,POR,45,CHA,27,Q2 8:09
2025-02-22 19:47:37,0022400806,2025-02-22 02:00 PM PST,CHI,117,PHX,121,Final
2025-02-22 19:47:37,0022400807,2025-02-22 04:30 PM PST,PHI,103,BKN,105,Final
2025-02-22 19:47:48,0022400806,2025-02-22 02:00 PM PST,CHI,117,PHX,121,Final
2025-02-22 19:47:48,0022400807,2025-02-22 04:30 PM PST,PHI,103,BKN,105,Final
2025-02-22 19:47:48,0022400808,2025-02-22 05:30 PM PST,DEN,91,LAL,108,4th Qtr             
2025-02-22 19:47:48,0022400809,2025-02-22 06:30 PM PST,UTA,56,HOU,62,Halftime            
2025-02-22 19:47:48,0022400810,2025-02-22 07:00 PM PST,POR,45,CHA,27,2nd Qtr             
2025-02-22 19:48:07,0022400806,2025-02-22 02:00 PM PST,CHI,117,PHX,121,Final
2025-02-22 19:48:07,0022400807,2025-02-22 04:30 PM PST,PHI,103,BKN,105,Final
2025-02-22 19:48:07,0022400808,2025-02-22 05:30 PM PST,DEN,91,LAL,108,4th Qtr             
2025-02-22 19:48:08,0022400809,2025-02-22 06:30 PM PST,UTA,56,HOU,62,Halftime            
2025-02-22 19:48:08,0022400810,2025-02-22 07:00 PM PST,POR,45,CHA,27,2nd Qtr             
2025-02-22 19:48:18,0022400806,2025-02-22 02:00 PM PST,CHI,117,PHX,121,Final
2025-02-22 19:48:19,0022400807,2025-02-22 04:30 PM PST,PHI,103,BKN,105,Final
2025-02-22 19:48:19,0022400808,2025-02-22 05:30 PM PST,DEN,91,LAL,108,4th Qtr             
2025-02-22 19:48:19,0022400809,2025-02-22 06:30 PM PST,UTA,56,HOU,62,Halftime            
2025-02-22 19:48:19,0022400810,2025-02-22 07:00 PM PST,POR,45,CHA,27,2nd Qtr             
2025-02-22 19:48:38,0022400806,2025-02-22 02:00 PM PST,CHI,117,PHX,121,Final
2025-02-22 19:48:38,0022400807,2025-02-22 04:30 PM PST,PHI,103,BKN,105,Final
2025-02-22 19:48:38,0022400808,2025-02-22 05:30 PM PST,DEN,91,LAL,108,4th Qtr             
2025-02-22 19:48:38,0022400809,2025-02-22 06:30 PM PST,UTA,56,HOU,62,Halftime            
2025-02-22 19:48:38,0022400810,2025-02-22 07:00 PM PST,POR,45,CHA,27,2nd Qtr             
2025-02-22 19:48:49,0022400806,2025-02-22 02:00 PM PST,CHI,117,PHX,121,Final
2025-02-22 19:48:49,0022400807,2025-02-22 04:30 PM PST,PHI,103,BKN,105,Final
2025-02-22 19:48:49,0022400808,2025-02-22 05:30 PM PST,DEN,91,LAL,108,4th Qtr             
2025-02-22 19:48:49,0022400809,2025-02-22 06:30 PM PST,UTA,56,HOU,62,Halftime            
2025-02-22 19:48:49,0022400810,2025-02-22 07:00 PM PST,POR,45,CHA,27,2nd Qtr             
2025-02-22 19:49:08,0022400808,2025-02-22 05:30 PM PST,DEN,91,LAL,108,Q4 7:31
2025-02-22 19:49:09,0022400809,2025-02-22 06:30 PM PST,UTA,56,HOU,62,Half
2025-02-22 19:49:09,0022400810,2025-02-22 07:00 PM PST,POR,45,CHA,27,Q2 8:09
2025-02-22 19:49:09,0022400806,2025-02-22 02:00 PM PST,CHI,117,PHX,121,Final
2025-02-22 19:49:09,0022400807,2025-02-22 04:30 PM PST,PHI,103,BKN,105,Final
2025-02-22 19:49:20,0022400806,2025-02-22 02:00 PM PST,CHI,117,PHX,121,Final
2025-02-22 19:49:20,0022400807,2025-02-22 04:30 PM PST,PHI,103,BKN,105,Final
2025-02-22 19:49:20,0022400808,2025-02-22 05:30 PM PST,DEN,91,LAL,108,4th Qtr             
2025-02-22 19:49:20,0022400809,2025-02-22 06:30 PM PST,UTA,56,HOU,62,Halftime            
2025-02-22 19:49:20,0022400810,2025-02-22 07:00 PM PST,POR,45,CHA,27,2nd Qtr             
2025-02-22 19:49:39,0022400806,2025-02-22 02:00 PM PST,CHI,117,PHX,121,Final
2025-02-22 19:49:39,0022400807,2025-02-22 04:30 PM PST,PHI,103,BKN,105,Final
2025-02-22 19:49:39,0022400808,2025-02-22 05:30 PM PST,DEN,91,LAL,108,4th Qtr             
2025-02-22 19:49:39,0022400809,2025-02-22 06:30 PM PST,UTA,56,HOU,62,Halftime            
2025-02-22 19:49:40,0022400810,2025-02-22 07:00 PM PST,POR,45,CHA,27,2nd Qtr             
2025-02-22 19:49:50,0022400806,2025-02-22 02:00 PM PST,CHI,117,PHX,121,Final
2025-02-22 19:49:50,0022400807,2025-02-22 04:30 PM PST,PHI,103,BKN,105,Final
2025-02-22 19:49:50,0022400808,2025-02-22 05:30 PM PST,DEN,91,LAL,108,4th Qtr             
2025-02-22 19:49:51,0022400809,2025-02-22 06:30 PM PST,UTA,56,HOU,62,Halftime            
2025-02-22 19:49:51,0022400810,2025-02-22 07:00 PM PST,POR,45,CHA,27,2nd Qtr             
2025-02-22 19:50:10,0022400806,2025-02-22 02:00 PM PST,CHI,117,PHX,121,Final
2025-02-22 19:50:10,0022400807,2025-02-22 04:30 PM PST,PHI,103,BKN,105,Final
2025-02-22 19:50:10,0022400808,2025-02-22 05:30 PM PST,DEN,91,LAL,108,4th Qtr             
2025-02-22 19:50:10,0022400809,2025-02-22 06:30 PM PST,UTA,56,HOU,62,Halftime            
2025-02-22 19:50:10,0022400810,2025-02-22 07:00 PM PST,POR,45,CHA,27,2nd Qtr             
2025-02-22 19:50:21,0022400806,2025-02-22 02:00 PM PST,CHI,117,PHX,121,Final
2025-02-22 19:50:21,0022400807,2025-02-22 04:30 PM PST,PHI,103,BKN,105,Final
2025-02-22 19:50:21,0022400808,2025-02-22 05:30 PM PST,DEN,91,LAL,108,4th Qtr             
2025-02-22 19:50:21,0022400809,2025-02-22 06:30 PM PST,UTA,56,HOU,62,Halftime            
2025-02-22 19:50:21,0022400810,2025-02-22 07:00 PM PST,POR,45,CHA,27,2nd Qtr             
2025-02-22 19:50:40,0022400808,2025-02-22 05:30 PM PST,DEN,91,LAL,108,Q4 7:31
2025-02-22 19:50:40,0022400809,2025-02-22 06:30 PM PST,UTA,56,HOU,62,Half
2025-02-22 19:50:40,0022400810,2025-02-22 07:00 PM PST,POR,45,CHA,27,Q2 7:53
2025-02-22 19:50:41,0022400806,2025-02-22 02:00 PM PST,CHI,117,PHX,121,Final
2025-02-22 19:50:41,0022400807,2025-02-22 04:30 PM PST,PHI,103,BKN,105,Final
2025-02-22 19:50:52,0022400806,2025-02-22 02:00 PM PST,CHI,117,PHX,121,Final
2025-02-22 19:50:52,0022400807,2025-02-22 04:30 PM PST,PHI,103,BKN,105,Final
2025-02-22 19:50:52,0022400808,2025-02-22 05:30 PM PST,DEN,91,LAL,108,4th Qtr             
2025-02-22 19:50:52,0022400809,2025-02-22 06:30 PM PST,UTA,56,HOU,62,Halftime            
2025-02-22 19:50:52,0022400810,2025-02-22 07:00 PM PST,POR,45,CHA,27,2nd Qtr             
2025-02-22 19:51:11,0022400808,2025-02-22 05:30 PM PST,DEN,91,LAL,108,Q4 6:59
2025-02-22 19:51:11,0022400809,2025-02-22 06:30 PM PST,UTA,56,HOU,62,Half
2025-02-22 19:51:11,0022400810,2025-02-22 07:00 PM PST,POR,48,CHA,30,Q2 7:28
2025-02-22 19:51:11,0022400806,2025-02-22 02:00 PM PST,CHI,117,PHX,121,Final
2025-02-22 19:51:11,0022400807,2025-02-22 04:30 PM PST,PHI,103,BKN,105,Final
2025-02-22 19:51:22,0022400806,2025-02-22 02:00 PM PST,CHI,117,PHX,121,Final
2025-02-22 19:51:22,0022400807,2025-02-22 04:30 PM PST,PHI,103,BKN,105,Final
2025-02-22 19:51:22,0022400808,2025-02-22 05:30 PM PST,DEN,91,LAL,108,4th Qtr             
2025-02-22 19:51:22,0022400809,2025-02-22 06:30 PM PST,UTA,56,HOU,62,Halftime            
2025-02-22 19:51:23,0022400810,2025-02-22 07:00 PM PST,POR,48,CHA,30,2nd Qtr             
2025-02-22 19:51:42,0022400806,2025-02-22 02:00 PM PST,CHI,117,PHX,121,Final
2025-02-22 19:51:42,0022400807,2025-02-22 04:30 PM PST,PHI,103,BKN,105,Final
2025-02-22 19:51:42,0022400808,2025-02-22 05:30 PM PST,DEN,91,LAL,109,4th Qtr             
2025-02-22 19:51:42,0022400809,2025-02-22 06:30 PM PST,UTA,56,HOU,62,Halftime            
2025-02-22 19:51:42,0022400810,2025-02-22 07:00 PM PST,POR,48,CHA,31,2nd Qtr             
2025-02-22 19:51:53,0022400808,2025-02-22 05:30 PM PST,DEN,91,LAL,110,Q4 6:59
2025-02-22 19:51:53,0022400809,2025-02-22 06:30 PM PST,UTA,56,HOU,62,Half
2025-02-22 19:51:53,0022400810,2025-02-22 07:00 PM PST,POR,51,CHA,31,Q2 7:14
2025-02-22 19:51:53,0022400806,2025-02-22 02:00 PM PST,CHI,117,PHX,121,Final
2025-02-22 19:51:53,0022400807,2025-02-22 04:30 PM PST,PHI,103,BKN,105,Final
2025-02-22 19:52:12,0022400806,2025-02-22 02:00 PM PST,CHI,117,PHX,121,Final
2025-02-22 19:52:12,0022400807,2025-02-22 04:30 PM PST,PHI,103,BKN,105,Final
2025-02-22 19:52:13,0022400808,2025-02-22 05:30 PM PST,DEN,91,LAL,110,4th Qtr             
2025-02-22 19:52:13,0022400809,2025-02-22 06:30 PM PST,UTA,56,HOU,62,Halftime            
2025-02-22 19:52:13,0022400810,2025-02-22 07:00 PM PST,POR,51,CHA,31,2nd Qtr             
2025-02-22 19:52:24,0022400808,2025-02-22 05:30 PM PST,DEN,94,LAL,110,Q4 6:14
2025-02-22 19:52:24,0022400809,2025-02-22 06:30 PM PST,UTA,56,HOU,62,Half
2025-02-22 19:52:24,0022400810,2025-02-22 07:00 PM PST,POR,51,CHA,33,Q2 6:49
2025-02-22 19:52:24,0022400806,2025-02-22 02:00 PM PST,CHI,117,PHX,121,Final
2025-02-22 19:52:24,0022400807,2025-02-22 04:30 PM PST,PHI,103,BKN,105,Final
2025-02-22 19:52:43,0022400806,2025-02-22 02:00 PM PST,CHI,117,PHX,121,Final
2025-02-22 19:52:43,0022400807,2025-02-22 04:30 PM PST,PHI,103,BKN,105,Final
2025-02-22 19:52:43,0022400808,2025-02-22 05:30 PM PST,DEN,94,LAL,110,4th Qtr             
2025-02-22 19:52:43,0022400809,2025-02-22 06:30 PM PST,UTA,56,HOU,62,Halftime            
2025-02-22 19:52:43,0022400810,2025-02-22 07:00 PM PST,POR,51,CHA,33,2nd Qtr             
2025-02-22 19:52:54,0022400806,2025-02-22 02:00 PM PST,CHI,117,PHX,121,Final
2025-02-22 19:52:54,0022400807,2025-02-22 04:30 PM PST,PHI,103,BKN,105,Final
2025-02-22 19:52:54,0022400808,2025-02-22 05:30 PM PST,DEN,94,LAL,110,4th Qtr             
2025-02-22 19:52:54,0022400809,2025-02-22 06:30 PM PST,UTA,56,HOU,62,Halftime            
2025-02-22 19:52:55,0022400810,2025-02-22 07:00 PM PST,POR,51,CHA,33,2nd Qtr             
2025-02-22 19:53:14,0022400806,2025-02-22 02:00 PM PST,CHI,117,PHX,121,Final
2025-02-22 19:53:14,0022400807,2025-02-22 04:30 PM PST,PHI,103,BKN,105,Final
2025-02-22 19:53:14,0022400808,2025-02-22 05:30 PM PST,DEN,94,LAL,110,4th Qtr             
2025-02-22 19:53:14,0022400809,2025-02-22 06:30 PM PST,UTA,56,HOU,62,Halftime            
2025-02-22 19:53:14,0022400810,2025-02-22 07:00 PM PST,POR,51,CHA,33,2nd Qtr             
2025-02-22 19:53:25,0022400806,2025-02-22 02:00 PM PST,CHI,117,PHX,121,Final
2025-02-22 19:53:25,0022400807,2025-02-22 04:30 PM PST,PHI,103,BKN,105,Final
2025-02-22 19:53:25,0022400808,2025-02-22 05:30 PM PST,DEN,94,LAL,113,4th Qtr             
2025-02-22 19:53:25,0022400809,2025-02-22 06:30 PM PST,UTA,56,HOU,62,Halftime            
2025-02-22 19:53:25,0022400810,2025-02-22 07:00 PM PST,POR,51,CHA,34,2nd Qtr             
2025-02-22 19:53:44,0022400808,2025-02-22 05:30 PM PST,DEN,97,LAL,113,Q4 5:17
2025-02-22 19:53:44,0022400809,2025-02-22 06:30 PM PST,UTA,56,HOU,62,Q3 12:00
2025-02-22 19:53:44,0022400810,2025-02-22 07:00 PM PST,POR,51,CHA,35,Q2 6:24
2025-02-22 19:53:45,0022400806,2025-02-22 02:00 PM PST,CHI,117,PHX,121,Final
2025-02-22 19:53:45,0022400807,2025-02-22 04:30 PM PST,PHI,103,BKN,105,Final
2025-02-22 19:53:56,0022400806,2025-02-22 02:00 PM PST,CHI,117,PHX,121,Final
2025-02-22 19:53:56,0022400807,2025-02-22 04:30 PM PST,PHI,103,BKN,105,Final
2025-02-22 19:53:56,0022400808,2025-02-22 05:30 PM PST,DEN,97,LAL,113,4th Qtr             
2025-02-22 19:53:56,0022400809,2025-02-22 06:30 PM PST,UTA,56,HOU,62,Start of 3rd Qtr    
2025-02-22 19:53:56,0022400810,2025-02-22 07:00 PM PST,POR,51,CHA,35,2nd Qtr             
2025-02-22 19:54:15,0022400806,2025-02-22 02:00 PM PST,CHI,117,PHX,121,Final
2025-02-22 19:54:15,0022400807,2025-02-22 04:30 PM PST,PHI,103,BKN,105,Final
2025-02-22 19:54:15,0022400808,2025-02-22 05:30 PM PST,DEN,97,LAL,113,4th Qtr             
2025-02-22 19:54:15,0022400809,2025-02-22 06:30 PM PST,UTA,58,HOU,62,3rd Qtr             
2025-02-22 19:54:15,0022400810,2025-02-22 07:00 PM PST,POR,51,CHA,35,2nd Qtr             
2025-02-22 19:54:26,0022400808,2025-02-22 05:30 PM PST,DEN,97,LAL,115,Q4 4:36
2025-02-22 19:54:26,0022400809,2025-02-22 06:30 PM PST,UTA,58,HOU,64,Q3 11:21
2025-02-22 19:54:26,0022400810,2025-02-22 07:00 PM PST,POR,51,CHA,35,Q2 5:53
2025-02-22 19:54:26,0022400806,2025-02-22 02:00 PM PST,CHI,117,PHX,121,Final
2025-02-22 19:54:27,0022400807,2025-02-22 04:30 PM PST,PHI,103,BKN,105,Final
2025-02-22 19:54:46,0022400806,2025-02-22 02:00 PM PST,CHI,117,PHX,121,Final
2025-02-22 19:54:46,0022400807,2025-02-22 04:30 PM PST,PHI,103,BKN,105,Final
2025-02-22 19:54:46,0022400808,2025-02-22 05:30 PM PST,DEN,97,LAL,115,4th Qtr             
2025-02-22 19:54:46,0022400809,2025-02-22 06:30 PM PST,UTA,60,HOU,64,3rd Qtr             
2025-02-22 19:54:46,0022400810,2025-02-22 07:00 PM PST,POR,51,CHA,35,2nd Qtr             
2025-02-22 19:54:57,0022400806,2025-02-22 02:00 PM PST,CHI,117,PHX,121,Final
2025-02-22 19:54:57,0022400807,2025-02-22 04:30 PM PST,PHI,103,BKN,105,Final
2025-02-22 19:54:57,0022400808,2025-02-22 05:30 PM PST,DEN,97,LAL,117,4th Qtr             
2025-02-22 19:54:57,0022400809,2025-02-22 06:30 PM PST,UTA,60,HOU,64,3rd Qtr             
2025-02-22 19:54:57,0022400810,2025-02-22 07:00 PM PST,POR,51,CHA,35,2nd Qtr             
2025-02-22 19:55:16,0022400808,2025-02-22 05:30 PM PST,DEN,97,LAL,117,Q4 4:15
2025-02-22 19:55:16,0022400809,2025-02-22 06:30 PM PST,UTA,60,HOU,64,Q3 10:23
2025-02-22 19:55:16,0022400810,2025-02-22 07:00 PM PST,POR,51,CHA,35,Q2 5:39
2025-02-22 19:55:16,0022400806,2025-02-22 02:00 PM PST,CHI,117,PHX,121,Final
2025-02-22 19:55:17,0022400807,2025-02-22 04:30 PM PST,PHI,103,BKN,105,Final
2025-02-22 19:55:27,0022400806,2025-02-22 02:00 PM PST,CHI,117,PHX,121,Final
2025-02-22 19:55:28,0022400807,2025-02-22 04:30 PM PST,PHI,103,BKN,105,Final
2025-02-22 19:55:28,0022400808,2025-02-22 05:30 PM PST,DEN,97,LAL,117,4th Qtr             
2025-02-22 19:55:28,0022400809,2025-02-22 06:30 PM PST,UTA,60,HOU,64,3rd Qtr             
2025-02-22 19:55:28,0022400810,2025-02-22 07:00 PM PST,POR,51,CHA,35,2nd Qtr             
2025-02-22 19:55:47,0022400806,2025-02-22 02:00 PM PST,CHI,117,PHX,121,Final
2025-02-22 19:55:47,0022400807,2025-02-22 04:30 PM PST,PHI,103,BKN,105,Final
2025-02-22 19:55:47,0022400808,2025-02-22 05:30 PM PST,DEN,97,LAL,117,4th Qtr             
2025-02-22 19:55:47,0022400809,2025-02-22 06:30 PM PST,UTA,60,HOU,64,3rd Qtr             
2025-02-22 19:55:47,0022400810,2025-02-22 07:00 PM PST,POR,51,CHA,35,2nd Qtr             
2025-02-22 19:55:58,0022400808,2025-02-22 05:30 PM PST,DEN,97,LAL,117,Q4 4:15
2025-02-22 19:55:58,0022400809,2025-02-22 06:30 PM PST,UTA,60,HOU,64,Q3 10:23
2025-02-22 19:55:58,0022400810,2025-02-22 07:00 PM PST,POR,54,CHA,35,Q2 4:46
2025-02-22 19:55:58,0022400806,2025-02-22 02:00 PM PST,CHI,117,PHX,121,Final
2025-02-22 19:55:59,0022400807,2025-02-22 04:30 PM PST,PHI,103,BKN,105,Final
2025-02-22 19:56:17,0022400806,2025-02-22 02:00 PM PST,CHI,117,PHX,121,Final
2025-02-22 19:56:18,0022400807,2025-02-22 04:30 PM PST,PHI,103,BKN,105,Final
2025-02-22 19:56:18,0022400808,2025-02-22 05:30 PM PST,DEN,97,LAL,117,4th Qtr             
2025-02-22 19:56:18,0022400809,2025-02-22 06:30 PM PST,UTA,60,HOU,64,3rd Qtr             
2025-02-22 19:56:18,0022400810,2025-02-22 07:00 PM PST,POR,54,CHA,35,2nd Qtr             
2025-02-22 19:56:29,0022400806,2025-02-22 02:00 PM PST,CHI,117,PHX,121,Final
2025-02-22 19:56:29,0022400807,2025-02-22 04:30 PM PST,PHI,103,BKN,105,Final
2025-02-22 19:56:29,0022400808,2025-02-22 05:30 PM PST,DEN,97,LAL,117,4th Qtr             
2025-02-22 19:56:29,0022400809,2025-02-22 06:30 PM PST,UTA,60,HOU,64,3rd Qtr             
2025-02-22 19:56:29,0022400810,2025-02-22 07:00 PM PST,POR,54,CHA,35,2nd Qtr             
2025-02-22 19:56:48,0022400808,2025-02-22 05:30 PM PST,DEN,97,LAL,117,Q4 4:15
2025-02-22 19:56:48,0022400809,2025-02-22 06:30 PM PST,UTA,60,HOU,64,Q3 9:58
2025-02-22 19:56:48,0022400810,2025-02-22 07:00 PM PST,POR,54,CHA,35,Q2 4:46
2025-02-22 19:56:48,0022400806,2025-02-22 02:00 PM PST,CHI,117,PHX,121,Final
2025-02-22 19:56:48,0022400807,2025-02-22 04:30 PM PST,PHI,103,BKN,105,Final
2025-02-22 19:57:00,0022400806,2025-02-22 02:00 PM PST,CHI,117,PHX,121,Final
2025-02-22 19:57:00,0022400807,2025-02-22 04:30 PM PST,PHI,103,BKN,105,Final
2025-02-22 19:57:00,0022400808,2025-02-22 05:30 PM PST,DEN,97,LAL,117,4th Qtr             
2025-02-22 19:57:00,0022400809,2025-02-22 06:30 PM PST,UTA,62,HOU,64,3rd Qtr             
2025-02-22 19:57:00,0022400810,2025-02-22 07:00 PM PST,POR,54,CHA,35,2nd Qtr             
2025-02-22 19:57:19,0022400808,2025-02-22 05:30 PM PST,DEN,97,LAL,117,Q4 3:46
2025-02-22 19:57:19,0022400809,2025-02-22 06:30 PM PST,UTA,62,HOU,64,Q3 9:54
2025-02-22 19:57:19,0022400810,2025-02-22 07:00 PM PST,POR,54,CHA,35,Q2 4:46
2025-02-22 19:57:19,0022400806,2025-02-22 02:00 PM PST,CHI,117,PHX,121,Final
2025-02-22 19:57:19,0022400807,2025-02-22 04:30 PM PST,PHI,103,BKN,105,Final
2025-02-22 19:57:30,0022400806,2025-02-22 02:00 PM PST,CHI,117,PHX,121,Final
2025-02-22 19:57:30,0022400807,2025-02-22 04:30 PM PST,PHI,103,BKN,105,Final
2025-02-22 19:57:31,0022400808,2025-02-22 05:30 PM PST,DEN,97,LAL,117,4th Qtr             
2025-02-22 19:57:31,0022400809,2025-02-22 06:30 PM PST,UTA,62,HOU,64,3rd Qtr             
2025-02-22 19:57:31,0022400810,2025-02-22 07:00 PM PST,POR,54,CHA,35,2nd Qtr             
2025-02-22 19:57:49,0022400806,2025-02-22 02:00 PM PST,CHI,117,PHX,121,Final
2025-02-22 19:57:49,0022400807,2025-02-22 04:30 PM PST,PHI,103,BKN,105,Final
2025-02-22 19:57:50,0022400808,2025-02-22 05:30 PM PST,DEN,97,LAL,118,4th Qtr             
2025-02-22 19:57:50,0022400809,2025-02-22 06:30 PM PST,UTA,62,HOU,64,3rd Qtr             
2025-02-22 19:57:50,0022400810,2025-02-22 07:00 PM PST,POR,54,CHA,35,2nd Qtr             
2025-02-22 19:58:01,0022400806,2025-02-22 02:00 PM PST,CHI,117,PHX,121,Final
2025-02-22 19:58:01,0022400807,2025-02-22 04:30 PM PST,PHI,103,BKN,105,Final
2025-02-22 19:58:01,0022400808,2025-02-22 05:30 PM PST,DEN,97,LAL,119,4th Qtr             
2025-02-22 19:58:01,0022400809,2025-02-22 06:30 PM PST,UTA,62,HOU,66,3rd Qtr             
2025-02-22 19:58:01,0022400810,2025-02-22 07:00 PM PST,POR,54,CHA,35,2nd Qtr             
2025-02-22 19:58:20,0022400806,2025-02-22 02:00 PM PST,CHI,117,PHX,121,Final
2025-02-22 19:58:20,0022400807,2025-02-22 04:30 PM PST,PHI,103,BKN,105,Final
2025-02-22 19:58:20,0022400808,2025-02-22 05:30 PM PST,DEN,97,LAL,119,4th Qtr             
2025-02-22 19:58:20,0022400809,2025-02-22 06:30 PM PST,UTA,62,HOU,66,3rd Qtr             
2025-02-22 19:58:20,0022400810,2025-02-22 07:00 PM PST,POR,54,CHA,35,2nd Qtr             
2025-02-22 19:58:32,0022400806,2025-02-22 02:00 PM PST,CHI,117,PHX,121,Final
2025-02-22 19:58:32,0022400807,2025-02-22 04:30 PM PST,PHI,103,BKN,105,Final
2025-02-22 19:58:32,0022400808,2025-02-22 05:30 PM PST,DEN,97,LAL,119,4th Qtr             
2025-02-22 19:58:32,0022400809,2025-02-22 06:30 PM PST,UTA,62,HOU,69,3rd Qtr             
2025-02-22 19:58:32,0022400810,2025-02-22 07:00 PM PST,POR,54,CHA,35,2nd Qtr             
2025-02-22 19:58:51,0022400808,2025-02-22 05:30 PM PST,DEN,97,LAL,119,Q4 3:19
2025-02-22 19:58:51,0022400809,2025-02-22 06:30 PM PST,UTA,62,HOU,69,Q3 8:56
2025-02-22 19:58:51,0022400810,2025-02-22 07:00 PM PST,POR,54,CHA,35,Q2 4:46
2025-02-22 19:58:51,0022400806,2025-02-22 02:00 PM PST,CHI,117,PHX,121,Final
2025-02-22 19:58:51,0022400807,2025-02-22 04:30 PM PST,PHI,103,BKN,105,Final
2025-02-22 19:59:02,0022400806,2025-02-22 02:00 PM PST,CHI,117,PHX,121,Final
2025-02-22 19:59:02,0022400807,2025-02-22 04:30 PM PST,PHI,103,BKN,105,Final
2025-02-22 19:59:02,0022400808,2025-02-22 05:30 PM PST,DEN,97,LAL,119,4th Qtr             
2025-02-22 19:59:02,0022400809,2025-02-22 06:30 PM PST,UTA,62,HOU,69,3rd Qtr             
2025-02-22 19:59:02,0022400810,2025-02-22 07:00 PM PST,POR,54,CHA,35,2nd Qtr             
2025-02-22 19:59:21,0022400806,2025-02-22 02:00 PM PST,CHI,117,PHX,121,Final
2025-02-22 19:59:21,0022400807,2025-02-22 04:30 PM PST,PHI,103,BKN,105,Final
2025-02-22 19:59:21,0022400808,2025-02-22 05:30 PM PST,DEN,97,LAL,119,4th Qtr             
2025-02-22 19:59:22,0022400809,2025-02-22 06:30 PM PST,UTA,62,HOU,69,3rd Qtr             
2025-02-22 19:59:22,0022400810,2025-02-22 07:00 PM PST,POR,54,CHA,37,2nd Qtr             
2025-02-22 19:59:33,0022400806,2025-02-22 02:00 PM PST,CHI,117,PHX,121,Final
2025-02-22 19:59:33,0022400807,2025-02-22 04:30 PM PST,PHI,103,BKN,105,Final
2025-02-22 19:59:33,0022400808,2025-02-22 05:30 PM PST,DEN,97,LAL,119,4th Qtr             
2025-02-22 19:59:33,0022400809,2025-02-22 06:30 PM PST,UTA,64,HOU,69,3rd Qtr             
2025-02-22 19:59:33,0022400810,2025-02-22 07:00 PM PST,POR,54,CHA,37,2nd Qtr             
2025-02-22 19:59:52,0022400806,2025-02-22 02:00 PM PST,CHI,117,PHX,121,Final
2025-02-22 19:59:52,0022400807,2025-02-22 04:30 PM PST,PHI,103,BKN,105,Final
2025-02-22 19:59:52,0022400808,2025-02-22 05:30 PM PST,DEN,97,LAL,119,4th Qtr             
2025-02-22 19:59:52,0022400809,2025-02-22 06:30 PM PST,UTA,64,HOU,69,3rd Qtr             
2025-02-22 19:59:52,0022400810,2025-02-22 07:00 PM PST,POR,56,CHA,37,2nd Qtr             
2025-02-22 20:00:03,0022400806,2025-02-22 02:00 PM PST,CHI,117,PHX,121,Final
2025-02-22 20:00:03,0022400807,2025-02-22 04:30 PM PST,PHI,103,BKN,105,Final
2025-02-22 20:00:04,0022400808,2025-02-22 05:30 PM PST,DEN,97,LAL,119,4th Qtr             
2025-02-22 20:00:04,0022400809,2025-02-22 06:30 PM PST,UTA,64,HOU,71,3rd Qtr             
2025-02-22 20:00:04,0022400810,2025-02-22 07:00 PM PST,POR,56,CHA,37,2nd Qtr             
2025-02-22 20:00:22,0022400806,2025-02-22 02:00 PM PST,CHI,117,PHX,121,Final
2025-02-22 20:00:23,0022400807,2025-02-22 04:30 PM PST,PHI,103,BKN,105,Final
2025-02-22 20:00:23,0022400808,2025-02-22 05:30 PM PST,DEN,97,LAL,119,4th Qtr             
2025-02-22 20:00:23,0022400809,2025-02-22 06:30 PM PST,UTA,64,HOU,71,3rd Qtr             
2025-02-22 20:00:23,0022400810,2025-02-22 07:00 PM PST,POR,59,CHA,37,2nd Qtr             
2025-02-22 20:00:34,0022400806,2025-02-22 02:00 PM PST,CHI,117,PHX,121,Final
2025-02-22 20:00:34,0022400807,2025-02-22 04:30 PM PST,PHI,103,BKN,105,Final
2025-02-22 20:00:34,0022400808,2025-02-22 05:30 PM PST,DEN,97,LAL,119,4th Qtr             
2025-02-22 20:00:34,0022400809,2025-02-22 06:30 PM PST,UTA,67,HOU,71,3rd Qtr             
2025-02-22 20:00:34,0022400810,2025-02-22 07:00 PM PST,POR,59,CHA,39,2nd Qtr             
2025-02-22 20:00:53,0022400806,2025-02-22 02:00 PM PST,CHI,117,PHX,121,Final
2025-02-22 20:00:53,0022400807,2025-02-22 04:30 PM PST,PHI,103,BKN,105,Final
2025-02-22 20:00:53,0022400808,2025-02-22 05:30 PM PST,DEN,97,LAL,119,4th Qtr             
2025-02-22 20:00:53,0022400809,2025-02-22 06:30 PM PST,UTA,67,HOU,71,3rd Qtr             
2025-02-22 20:00:54,0022400810,2025-02-22 07:00 PM PST,POR,59,CHA,39,2nd Qtr             
2025-02-22 20:01:05,0022400806,2025-02-22 02:00 PM PST,CHI,117,PHX,121,Final
2025-02-22 20:01:05,0022400807,2025-02-22 04:30 PM PST,PHI,103,BKN,105,Final
2025-02-22 20:01:05,0022400808,2025-02-22 05:30 PM PST,DEN,97,LAL,119,4th Qtr             
2025-02-22 20:01:05,0022400809,2025-02-22 06:30 PM PST,UTA,67,HOU,71,3rd Qtr             
2025-02-22 20:01:05,0022400810,2025-02-22 07:00 PM PST,POR,59,CHA,39,2nd Qtr             
2025-02-22 20:01:24,0022400806,2025-02-22 02:00 PM PST,CHI,117,PHX,121,Final
2025-02-22 20:01:24,0022400807,2025-02-22 04:30 PM PST,PHI,103,BKN,105,Final
2025-02-22 20:01:24,0022400808,2025-02-22 05:30 PM PST,DEN,97,LAL,119,4th Qtr             
2025-02-22 20:01:24,0022400809,2025-02-22 06:30 PM PST,UTA,70,HOU,71,3rd Qtr             
2025-02-22 20:01:24,0022400810,2025-02-22 07:00 PM PST,POR,59,CHA,39,2nd Qtr             
2025-02-22 20:01:35,0022400806,2025-02-22 02:00 PM PST,CHI,117,PHX,121,Final
2025-02-22 20:01:35,0022400807,2025-02-22 04:30 PM PST,PHI,103,BKN,105,Final
2025-02-22 20:01:36,0022400808,2025-02-22 05:30 PM PST,DEN,97,LAL,119,4th Qtr             
2025-02-22 20:01:36,0022400809,2025-02-22 06:30 PM PST,UTA,70,HOU,74,3rd Qtr             
2025-02-22 20:01:36,0022400810,2025-02-22 07:00 PM PST,POR,59,CHA,39,2nd Qtr             
2025-02-22 20:01:55,0022400806,2025-02-22 02:00 PM PST,CHI,117,PHX,121,Final
2025-02-22 20:01:55,0022400807,2025-02-22 04:30 PM PST,PHI,103,BKN,105,Final
2025-02-22 20:01:55,0022400808,2025-02-22 05:30 PM PST,DEN,97,LAL,121,4th Qtr             
2025-02-22 20:01:55,0022400809,2025-02-22 06:30 PM PST,UTA,70,HOU,74,3rd Qtr             
2025-02-22 20:01:55,0022400810,2025-02-22 07:00 PM PST,POR,61,CHA,39,2nd Qtr             
2025-02-22 20:02:06,0022400808,2025-02-22 05:30 PM PST,DEN,97,LAL,121,Q4 1:43
2025-02-22 20:02:06,0022400809,2025-02-22 06:30 PM PST,UTA,73,HOU,76,Q3 6:44
2025-02-22 20:02:06,0022400810,2025-02-22 07:00 PM PST,POR,61,CHA,39,Q2 2:30
2025-02-22 20:02:06,0022400806,2025-02-22 02:00 PM PST,CHI,117,PHX,121,Final
2025-02-22 20:02:06,0022400807,2025-02-22 04:30 PM PST,PHI,103,BKN,105,Final
2025-02-22 20:02:25,0022400808,2025-02-22 05:30 PM PST,DEN,97,LAL,123,Q4 1:09
2025-02-22 20:02:25,0022400809,2025-02-22 06:30 PM PST,UTA,75,HOU,76,Q3 6:34
2025-02-22 20:02:26,0022400810,2025-02-22 07:00 PM PST,POR,61,CHA,39,Q2 2:30
2025-02-22 20:02:26,0022400806,2025-02-22 02:00 PM PST,CHI,117,PHX,121,Final
2025-02-22 20:02:26,0022400807,2025-02-22 04:30 PM PST,PHI,103,BKN,105,Final
2025-02-22 20:02:37,0022400808,2025-02-22 05:30 PM PST,DEN,97,LAL,123,Q4 :59.8
2025-02-22 20:02:37,0022400809,2025-02-22 06:30 PM PST,UTA,75,HOU,76,Q3 6:34
2025-02-22 20:02:37,0022400810,2025-02-22 07:00 PM PST,POR,61,CHA,39,Q2 2:04
2025-02-22 20:02:37,0022400806,2025-02-22 02:00 PM PST,CHI,117,PHX,121,Final
2025-02-22 20:02:37,0022400807,2025-02-22 04:30 PM PST,PHI,103,BKN,105,Final
2025-02-22 20:02:56,0022400806,2025-02-22 02:00 PM PST,CHI,117,PHX,121,Final
2025-02-22 20:02:56,0022400807,2025-02-22 04:30 PM PST,PHI,103,BKN,105,Final
2025-02-22 20:02:56,0022400808,2025-02-22 05:30 PM PST,DEN,97,LAL,123,4th Qtr             
2025-02-22 20:02:56,0022400809,2025-02-22 06:30 PM PST,UTA,75,HOU,76,3rd Qtr             
2025-02-22 20:02:56,0022400810,2025-02-22 07:00 PM PST,POR,64,CHA,39,2nd Qtr             
2025-02-22 20:03:07,0022400806,2025-02-22 02:00 PM PST,CHI,117,PHX,121,Final
2025-02-22 20:03:07,0022400807,2025-02-22 04:30 PM PST,PHI,103,BKN,105,Final
2025-02-22 20:03:07,0022400808,2025-02-22 05:30 PM PST,DEN,97,LAL,123,4th Qtr             
2025-02-22 20:03:08,0022400809,2025-02-22 06:30 PM PST,UTA,75,HOU,76,3rd Qtr             
2025-02-22 20:03:08,0022400810,2025-02-22 07:00 PM PST,POR,67,CHA,39,2nd Qtr             
2025-02-22 20:03:27,0022400806,2025-02-22 02:00 PM PST,CHI,117,PHX,121,Final
2025-02-22 20:03:27,0022400807,2025-02-22 04:30 PM PST,PHI,103,BKN,105,Final
2025-02-22 20:03:27,0022400808,2025-02-22 05:30 PM PST,DEN,97,LAL,123,4th Qtr             
2025-02-22 20:03:27,0022400809,2025-02-22 06:30 PM PST,UTA,75,HOU,76,3rd Qtr             
2025-02-22 20:03:27,0022400810,2025-02-22 07:00 PM PST,POR,67,CHA,39,2nd Qtr             
2025-02-22 20:03:38,0022400806,2025-02-22 02:00 PM PST,CHI,117,PHX,121,Final
2025-02-22 20:03:38,0022400807,2025-02-22 04:30 PM PST,PHI,103,BKN,105,Final
2025-02-22 20:03:38,0022400808,2025-02-22 05:30 PM PST,DEN,97,LAL,123,4th Qtr             
2025-02-22 20:03:38,0022400809,2025-02-22 06:30 PM PST,UTA,75,HOU,76,3rd Qtr             
2025-02-22 20:03:38,0022400810,2025-02-22 07:00 PM PST,POR,67,CHA,39,2nd Qtr             
2025-02-22 20:03:57,0022400806,2025-02-22 02:00 PM PST,CHI,117,PHX,121,Final
2025-02-22 20:03:57,0022400807,2025-02-22 04:30 PM PST,PHI,103,BKN,105,Final
2025-02-22 20:03:58,0022400808,2025-02-22 05:30 PM PST,DEN,97,LAL,123,4th Qtr             
2025-02-22 20:03:58,0022400809,2025-02-22 06:30 PM PST,UTA,75,HOU,76,3rd Qtr             
2025-02-22 20:03:58,0022400810,2025-02-22 07:00 PM PST,POR,67,CHA,39,2nd Qtr             
2025-02-22 20:04:09,0022400806,2025-02-22 02:00 PM PST,CHI,117,PHX,121,Final
2025-02-22 20:04:09,0022400807,2025-02-22 04:30 PM PST,PHI,103,BKN,105,Final
2025-02-22 20:04:09,0022400808,2025-02-22 05:30 PM PST,DEN,97,LAL,123,4th Qtr             
2025-02-22 20:04:09,0022400809,2025-02-22 06:30 PM PST,UTA,75,HOU,76,3rd Qtr             
2025-02-22 20:04:09,0022400810,2025-02-22 07:00 PM PST,POR,67,CHA,40,2nd Qtr             
2025-02-22 20:04:28,0022400806,2025-02-22 02:00 PM PST,CHI,117,PHX,121,Final
2025-02-22 20:04:28,0022400807,2025-02-22 04:30 PM PST,PHI,103,BKN,105,Final
2025-02-22 20:04:28,0022400808,2025-02-22 05:30 PM PST,DEN,100,LAL,123,4th Qtr             
2025-02-22 20:04:28,0022400809,2025-02-22 06:30 PM PST,UTA,75,HOU,76,3rd Qtr             
2025-02-22 20:04:28,0022400810,2025-02-22 07:00 PM PST,POR,67,CHA,40,2nd Qtr             
2025-02-22 20:04:39,0022400806,2025-02-22 02:00 PM PST,CHI,117,PHX,121,Final
2025-02-22 20:04:39,0022400807,2025-02-22 04:30 PM PST,PHI,103,BKN,105,Final
2025-02-22 20:04:39,0022400808,2025-02-22 05:30 PM PST,DEN,100,LAL,123,4th Qtr             
2025-02-22 20:04:39,0022400809,2025-02-22 06:30 PM PST,UTA,75,HOU,76,3rd Qtr             
2025-02-22 20:04:39,0022400810,2025-02-22 07:00 PM PST,POR,67,CHA,40,2nd Qtr             
2025-02-22 20:04:59,0022400806,2025-02-22 02:00 PM PST,CHI,117,PHX,121,Final
2025-02-22 20:04:59,0022400807,2025-02-22 04:30 PM PST,PHI,103,BKN,105,Final
2025-02-22 20:04:59,0022400808,2025-02-22 05:30 PM PST,DEN,100,LAL,123,4th Qtr             
2025-02-22 20:04:59,0022400809,2025-02-22 06:30 PM PST,UTA,75,HOU,76,3rd Qtr             
2025-02-22 20:04:59,0022400810,2025-02-22 07:00 PM PST,POR,68,CHA,40,2nd Qtr             
2025-02-22 20:05:10,0022400806,2025-02-22 02:00 PM PST,CHI,117,PHX,121,Final
2025-02-22 20:05:10,0022400807,2025-02-22 04:30 PM PST,PHI,103,BKN,105,Final
2025-02-22 20:05:10,0022400808,2025-02-22 05:30 PM PST,DEN,100,LAL,123,4th Qtr             
2025-02-22 20:05:10,0022400809,2025-02-22 06:30 PM PST,UTA,75,HOU,76,3rd Qtr             
2025-02-22 20:05:10,0022400810,2025-02-22 07:00 PM PST,POR,69,CHA,40,2nd Qtr             
2025-02-22 20:05:29,0022400806,2025-02-22 02:00 PM PST,CHI,117,PHX,121,Final
2025-02-22 20:05:29,0022400807,2025-02-22 04:30 PM PST,PHI,103,BKN,105,Final
2025-02-22 20:05:29,0022400808,2025-02-22 05:30 PM PST,DEN,100,LAL,123,4th Qtr             
2025-02-22 20:05:29,0022400809,2025-02-22 06:30 PM PST,UTA,75,HOU,76,3rd Qtr             
2025-02-22 20:05:30,0022400810,2025-02-22 07:00 PM PST,POR,69,CHA,40,2nd Qtr             
2025-02-22 20:05:40,0022400806,2025-02-22 02:00 PM PST,CHI,117,PHX,121,Final
2025-02-22 20:05:41,0022400807,2025-02-22 04:30 PM PST,PHI,103,BKN,105,Final
2025-02-22 20:05:41,0022400808,2025-02-22 05:30 PM PST,DEN,100,LAL,123,Final               
2025-02-22 20:05:41,0022400809,2025-02-22 06:30 PM PST,UTA,75,HOU,76,3rd Qtr             
2025-02-22 20:05:41,0022400810,2025-02-22 07:00 PM PST,POR,69,CHA,40,2nd Qtr             
2025-02-22 20:06:00,0022400809,2025-02-22 06:30 PM PST,UTA,75,HOU,76,Q3 6:00
2025-02-22 20:06:00,0022400810,2025-02-22 07:00 PM PST,POR,69,CHA,40,Q2 :55.5
2025-02-22 20:06:00,0022400806,2025-02-22 02:00 PM PST,CHI,117,PHX,121,Final
2025-02-22 20:06:00,0022400807,2025-02-22 04:30 PM PST,PHI,103,BKN,105,Final
2025-02-22 20:06:00,0022400808,2025-02-22 05:30 PM PST,DEN,100,LAL,123,Final               
2025-02-22 20:06:11,0022400806,2025-02-22 02:00 PM PST,CHI,117,PHX,121,Final
2025-02-22 20:06:11,0022400807,2025-02-22 04:30 PM PST,PHI,103,BKN,105,Final
2025-02-22 20:06:11,0022400808,2025-02-22 05:30 PM PST,DEN,100,LAL,123,Final               
2025-02-22 20:06:11,0022400809,2025-02-22 06:30 PM PST,UTA,75,HOU,76,3rd Qtr             
2025-02-22 20:06:11,0022400810,2025-02-22 07:00 PM PST,POR,69,CHA,40,2nd Qtr             
2025-02-22 20:06:30,0022400806,2025-02-22 02:00 PM PST,CHI,117,PHX,121,Final
2025-02-22 20:06:31,0022400807,2025-02-22 04:30 PM PST,PHI,103,BKN,105,Final
2025-02-22 20:06:31,0022400808,2025-02-22 05:30 PM PST,DEN,100,LAL,123,Final               
2025-02-22 20:06:31,0022400809,2025-02-22 06:30 PM PST,UTA,75,HOU,76,3rd Qtr             
2025-02-22 20:06:31,0022400810,2025-02-22 07:00 PM PST,POR,71,CHA,40,2nd Qtr             
2025-02-22 20:06:42,0022400806,2025-02-22 02:00 PM PST,CHI,117,PHX,121,Final
2025-02-22 20:06:42,0022400807,2025-02-22 04:30 PM PST,PHI,103,BKN,105,Final
2025-02-22 20:06:42,0022400808,2025-02-22 05:30 PM PST,DEN,100,LAL,123,Final               
2025-02-22 20:06:42,0022400809,2025-02-22 06:30 PM PST,UTA,75,HOU,76,3rd Qtr             
2025-02-22 20:06:42,0022400810,2025-02-22 07:00 PM PST,POR,71,CHA,40,2nd Qtr             
2025-02-22 20:07:01,0022400806,2025-02-22 02:00 PM PST,CHI,117,PHX,121,Final
2025-02-22 20:07:01,0022400807,2025-02-22 04:30 PM PST,PHI,103,BKN,105,Final
2025-02-22 20:07:01,0022400808,2025-02-22 05:30 PM PST,DEN,100,LAL,123,Final               
2025-02-22 20:07:01,0022400809,2025-02-22 06:30 PM PST,UTA,75,HOU,76,3rd Qtr             
2025-02-22 20:07:01,0022400810,2025-02-22 07:00 PM PST,POR,73,CHA,40,2nd Qtr             
2025-02-22 20:07:12,0022400806,2025-02-22 02:00 PM PST,CHI,117,PHX,121,Final
2025-02-22 20:07:12,0022400807,2025-02-22 04:30 PM PST,PHI,103,BKN,105,Final
2025-02-22 20:07:12,0022400808,2025-02-22 05:30 PM PST,DEN,100,LAL,123,Final               
2025-02-22 20:07:13,0022400809,2025-02-22 06:30 PM PST,UTA,75,HOU,76,3rd Qtr             
2025-02-22 20:07:13,0022400810,2025-02-22 07:00 PM PST,POR,73,CHA,40,Halftime            
2025-02-22 20:07:32,0022400809,2025-02-22 06:30 PM PST,UTA,75,HOU,76,Q3 5:33
2025-02-22 20:07:32,0022400810,2025-02-22 07:00 PM PST,POR,73,CHA,40,Half
2025-02-22 20:07:32,0022400806,2025-02-22 02:00 PM PST,CHI,117,PHX,121,Final
2025-02-22 20:07:32,0022400807,2025-02-22 04:30 PM PST,PHI,103,BKN,105,Final
2025-02-22 20:07:32,0022400808,2025-02-22 05:30 PM PST,DEN,100,LAL,123,Final               
2025-02-22 20:07:43,0022400806,2025-02-22 02:00 PM PST,CHI,117,PHX,121,Final
2025-02-22 20:07:43,0022400807,2025-02-22 04:30 PM PST,PHI,103,BKN,105,Final
2025-02-22 20:07:43,0022400808,2025-02-22 05:30 PM PST,DEN,100,LAL,123,Final               
2025-02-22 20:07:43,0022400809,2025-02-22 06:30 PM PST,UTA,75,HOU,76,3rd Qtr             
2025-02-22 20:07:43,0022400810,2025-02-22 07:00 PM PST,POR,73,CHA,40,Halftime            
2025-02-22 20:08:02,0022400806,2025-02-22 02:00 PM PST,CHI,117,PHX,121,Final
2025-02-22 20:08:02,0022400807,2025-02-22 04:30 PM PST,PHI,103,BKN,105,Final
2025-02-22 20:08:02,0022400808,2025-02-22 05:30 PM PST,DEN,100,LAL,123,Final               
2025-02-22 20:08:03,0022400809,2025-02-22 06:30 PM PST,UTA,77,HOU,76,3rd Qtr             
2025-02-22 20:08:03,0022400810,2025-02-22 07:00 PM PST,POR,73,CHA,40,Halftime            
2025-02-22 20:08:14,0022400806,2025-02-22 02:00 PM PST,CHI,117,PHX,121,Final
2025-02-22 20:08:14,0022400807,2025-02-22 04:30 PM PST,PHI,103,BKN,105,Final
2025-02-22 20:08:14,0022400808,2025-02-22 05:30 PM PST,DEN,100,LAL,123,Final               
2025-02-22 20:08:14,0022400809,2025-02-22 06:30 PM PST,UTA,77,HOU,76,3rd Qtr             
2025-02-22 20:08:14,0022400810,2025-02-22 07:00 PM PST,POR,73,CHA,40,Halftime            
2025-02-22 20:08:33,0022400806,2025-02-22 02:00 PM PST,CHI,117,PHX,121,Final
2025-02-22 20:08:33,0022400807,2025-02-22 04:30 PM PST,PHI,103,BKN,105,Final
2025-02-22 20:08:33,0022400808,2025-02-22 05:30 PM PST,DEN,100,LAL,123,Final               
2025-02-22 20:08:33,0022400809,2025-02-22 06:30 PM PST,UTA,77,HOU,76,3rd Qtr             
2025-02-22 20:08:33,0022400810,2025-02-22 07:00 PM PST,POR,73,CHA,40,Halftime            
2025-02-22 20:08:44,0022400806,2025-02-22 02:00 PM PST,CHI,117,PHX,121,Final
2025-02-22 20:08:44,0022400807,2025-02-22 04:30 PM PST,PHI,103,BKN,105,Final
2025-02-22 20:08:45,0022400808,2025-02-22 05:30 PM PST,DEN,100,LAL,123,Final               
2025-02-22 20:08:45,0022400809,2025-02-22 06:30 PM PST,UTA,77,HOU,76,3rd Qtr             
2025-02-22 20:08:45,0022400810,2025-02-22 07:00 PM PST,POR,73,CHA,40,Halftime            
2025-02-22 20:09:03,0022400809,2025-02-22 06:30 PM PST,UTA,77,HOU,79,Q3 3:57
2025-02-22 20:09:04,0022400810,2025-02-22 07:00 PM PST,POR,73,CHA,40,Half
2025-02-22 20:09:04,0022400806,2025-02-22 02:00 PM PST,CHI,117,PHX,121,Final
2025-02-22 20:09:04,0022400807,2025-02-22 04:30 PM PST,PHI,103,BKN,105,Final
2025-02-22 20:09:04,0022400808,2025-02-22 05:30 PM PST,DEN,100,LAL,123,Final               
2025-02-22 20:09:15,0022400806,2025-02-22 02:00 PM PST,CHI,117,PHX,121,Final
2025-02-22 20:09:15,0022400807,2025-02-22 04:30 PM PST,PHI,103,BKN,105,Final
2025-02-22 20:09:15,0022400808,2025-02-22 05:30 PM PST,DEN,100,LAL,123,Final               
2025-02-22 20:09:15,0022400809,2025-02-22 06:30 PM PST,UTA,77,HOU,79,3rd Qtr             
2025-02-22 20:09:15,0022400810,2025-02-22 07:00 PM PST,POR,73,CHA,40,Halftime            
2025-02-22 20:09:34,0022400809,2025-02-22 06:30 PM PST,UTA,78,HOU,79,Q3 3:57
2025-02-22 20:09:34,0022400810,2025-02-22 07:00 PM PST,POR,73,CHA,40,Half
2025-02-22 20:09:34,0022400806,2025-02-22 02:00 PM PST,CHI,117,PHX,121,Final
2025-02-22 20:09:34,0022400807,2025-02-22 04:30 PM PST,PHI,103,BKN,105,Final
2025-02-22 20:09:35,0022400808,2025-02-22 05:30 PM PST,DEN,100,LAL,123,Final               
2025-02-22 20:09:46,0022400806,2025-02-22 02:00 PM PST,CHI,117,PHX,121,Final
2025-02-22 20:09:46,0022400807,2025-02-22 04:30 PM PST,PHI,103,BKN,105,Final
2025-02-22 20:09:46,0022400808,2025-02-22 05:30 PM PST,DEN,100,LAL,123,Final               
2025-02-22 20:09:46,0022400809,2025-02-22 06:30 PM PST,UTA,78,HOU,79,3rd Qtr             
2025-02-22 20:09:46,0022400810,2025-02-22 07:00 PM PST,POR,73,CHA,40,Halftime            
2025-02-22 20:10:05,0022400806,2025-02-22 02:00 PM PST,CHI,117,PHX,121,Final
2025-02-22 20:10:05,0022400807,2025-02-22 04:30 PM PST,PHI,103,BKN,105,Final
2025-02-22 20:10:05,0022400808,2025-02-22 05:30 PM PST,DEN,100,LAL,123,Final               
2025-02-22 20:10:05,0022400809,2025-02-22 06:30 PM PST,UTA,79,HOU,79,3rd Qtr             
2025-02-22 20:10:05,0022400810,2025-02-22 07:00 PM PST,POR,73,CHA,40,Halftime            
2025-02-22 20:10:16,0022400809,2025-02-22 06:30 PM PST,UTA,79,HOU,79,Q3 3:57
2025-02-22 20:10:16,0022400810,2025-02-22 07:00 PM PST,POR,73,CHA,40,Half
2025-02-22 20:10:16,0022400806,2025-02-22 02:00 PM PST,CHI,117,PHX,121,Final
2025-02-22 20:10:16,0022400807,2025-02-22 04:30 PM PST,PHI,103,BKN,105,Final
2025-02-22 20:10:17,0022400808,2025-02-22 05:30 PM PST,DEN,100,LAL,123,Final               
2025-02-22 20:10:35,0022400806,2025-02-22 02:00 PM PST,CHI,117,PHX,121,Final
2025-02-22 20:10:36,0022400807,2025-02-22 04:30 PM PST,PHI,103,BKN,105,Final
2025-02-22 20:10:36,0022400808,2025-02-22 05:30 PM PST,DEN,100,LAL,123,Final               
2025-02-22 20:10:36,0022400809,2025-02-22 06:30 PM PST,UTA,79,HOU,81,3rd Qtr             
2025-02-22 20:10:36,0022400810,2025-02-22 07:00 PM PST,POR,73,CHA,40,Halftime            
2025-02-22 20:10:47,0022400806,2025-02-22 02:00 PM PST,CHI,117,PHX,121,Final
2025-02-22 20:10:47,0022400807,2025-02-22 04:30 PM PST,PHI,103,BKN,105,Final
2025-02-22 20:10:47,0022400808,2025-02-22 05:30 PM PST,DEN,100,LAL,123,Final               
2025-02-22 20:10:47,0022400809,2025-02-22 06:30 PM PST,UTA,79,HOU,81,3rd Qtr             
2025-02-22 20:10:47,0022400810,2025-02-22 07:00 PM PST,POR,73,CHA,40,Halftime            
2025-02-22 20:11:06,0022400809,2025-02-22 06:30 PM PST,UTA,79,HOU,81,Q3 3:25
2025-02-22 20:11:06,0022400810,2025-02-22 07:00 PM PST,POR,73,CHA,40,Half
2025-02-22 20:11:06,0022400806,2025-02-22 02:00 PM PST,CHI,117,PHX,121,Final
2025-02-22 20:11:06,0022400807,2025-02-22 04:30 PM PST,PHI,103,BKN,105,Final
2025-02-22 20:11:06,0022400808,2025-02-22 05:30 PM PST,DEN,100,LAL,123,Final               
2025-02-22 20:11:17,0022400806,2025-02-22 02:00 PM PST,CHI,117,PHX,121,Final
2025-02-22 20:11:18,0022400807,2025-02-22 04:30 PM PST,PHI,103,BKN,105,Final
2025-02-22 20:11:18,0022400808,2025-02-22 05:30 PM PST,DEN,100,LAL,123,Final               
2025-02-22 20:11:18,0022400809,2025-02-22 06:30 PM PST,UTA,79,HOU,81,3rd Qtr             
2025-02-22 20:11:18,0022400810,2025-02-22 07:00 PM PST,POR,73,CHA,40,Halftime            
2025-02-22 20:11:37,0022400806,2025-02-22 02:00 PM PST,CHI,117,PHX,121,Final
2025-02-22 20:11:37,0022400807,2025-02-22 04:30 PM PST,PHI,103,BKN,105,Final
2025-02-22 20:11:37,0022400808,2025-02-22 05:30 PM PST,DEN,100,LAL,123,Final               
2025-02-22 20:11:37,0022400809,2025-02-22 06:30 PM PST,UTA,79,HOU,81,3rd Qtr             
2025-02-22 20:11:37,0022400810,2025-02-22 07:00 PM PST,POR,73,CHA,40,Halftime            
2025-02-22 20:11:48,0022400806,2025-02-22 02:00 PM PST,CHI,117,PHX,121,Final
2025-02-22 20:11:48,0022400807,2025-02-22 04:30 PM PST,PHI,103,BKN,105,Final
2025-02-22 20:11:48,0022400808,2025-02-22 05:30 PM PST,DEN,100,LAL,123,Final               
2025-02-22 20:11:48,0022400809,2025-02-22 06:30 PM PST,UTA,79,HOU,81,3rd Qtr             
2025-02-22 20:11:48,0022400810,2025-02-22 07:00 PM PST,POR,73,CHA,40,Halftime            
2025-02-22 20:12:07,0022400806,2025-02-22 02:00 PM PST,CHI,117,PHX,121,Final
2025-02-22 20:12:07,0022400807,2025-02-22 04:30 PM PST,PHI,103,BKN,105,Final
2025-02-22 20:12:07,0022400808,2025-02-22 05:30 PM PST,DEN,100,LAL,123,Final               
2025-02-22 20:12:08,0022400809,2025-02-22 06:30 PM PST,UTA,79,HOU,81,3rd Qtr             
2025-02-22 20:12:08,0022400810,2025-02-22 07:00 PM PST,POR,73,CHA,40,Halftime            
2025-02-22 20:12:19,0022400806,2025-02-22 02:00 PM PST,CHI,117,PHX,121,Final
2025-02-22 20:12:19,0022400807,2025-02-22 04:30 PM PST,PHI,103,BKN,105,Final
2025-02-22 20:12:19,0022400808,2025-02-22 05:30 PM PST,DEN,100,LAL,123,Final               
2025-02-22 20:12:19,0022400809,2025-02-22 06:30 PM PST,UTA,79,HOU,81,3rd Qtr             
2025-02-22 20:12:19,0022400810,2025-02-22 07:00 PM PST,POR,73,CHA,40,Halftime            
2025-02-22 20:12:38,0022400809,2025-02-22 06:30 PM PST,UTA,79,HOU,81,Q3 2:52
2025-02-22 20:12:38,0022400810,2025-02-22 07:00 PM PST,POR,73,CHA,40,Half
2025-02-22 20:12:38,0022400806,2025-02-22 02:00 PM PST,CHI,117,PHX,121,Final
2025-02-22 20:12:38,0022400807,2025-02-22 04:30 PM PST,PHI,103,BKN,105,Final
2025-02-22 20:12:38,0022400808,2025-02-22 05:30 PM PST,DEN,100,LAL,123,Final               
2025-02-22 20:12:49,0022400806,2025-02-22 02:00 PM PST,CHI,117,PHX,121,Final
2025-02-22 20:12:49,0022400807,2025-02-22 04:30 PM PST,PHI,103,BKN,105,Final
2025-02-22 20:12:49,0022400808,2025-02-22 05:30 PM PST,DEN,100,LAL,123,Final               
2025-02-22 20:12:50,0022400809,2025-02-22 06:30 PM PST,UTA,79,HOU,81,3rd Qtr             
2025-02-22 20:12:50,0022400810,2025-02-22 07:00 PM PST,POR,73,CHA,40,Halftime            
2025-02-22 20:13:08,0022400806,2025-02-22 02:00 PM PST,CHI,117,PHX,121,Final
2025-02-22 20:13:09,0022400807,2025-02-22 04:30 PM PST,PHI,103,BKN,105,Final
2025-02-22 20:13:09,0022400808,2025-02-22 05:30 PM PST,DEN,100,LAL,123,Final               
2025-02-22 20:13:09,0022400809,2025-02-22 06:30 PM PST,UTA,79,HOU,81,3rd Qtr             
2025-02-22 20:13:09,0022400810,2025-02-22 07:00 PM PST,POR,73,CHA,40,Halftime            
2025-02-22 20:13:20,0022400809,2025-02-22 06:30 PM PST,UTA,79,HOU,81,Q3 2:52
2025-02-22 20:13:20,0022400810,2025-02-22 07:00 PM PST,POR,73,CHA,40,Half
2025-02-22 20:13:20,0022400806,2025-02-22 02:00 PM PST,CHI,117,PHX,121,Final
2025-02-22 20:13:20,0022400807,2025-02-22 04:30 PM PST,PHI,103,BKN,105,Final
2025-02-22 20:13:20,0022400808,2025-02-22 05:30 PM PST,DEN,100,LAL,123,Final               
2025-02-22 20:13:39,0022400806,2025-02-22 02:00 PM PST,CHI,117,PHX,121,Final
2025-02-22 20:13:39,0022400807,2025-02-22 04:30 PM PST,PHI,103,BKN,105,Final
2025-02-22 20:13:39,0022400808,2025-02-22 05:30 PM PST,DEN,100,LAL,123,Final               
2025-02-22 20:13:39,0022400809,2025-02-22 06:30 PM PST,UTA,79,HOU,81,3rd Qtr             
2025-02-22 20:13:39,0022400810,2025-02-22 07:00 PM PST,POR,73,CHA,40,Halftime            
2025-02-22 20:13:51,0022400806,2025-02-22 02:00 PM PST,CHI,117,PHX,121,Final
2025-02-22 20:13:51,0022400807,2025-02-22 04:30 PM PST,PHI,103,BKN,105,Final
2025-02-22 20:13:51,0022400808,2025-02-22 05:30 PM PST,DEN,100,LAL,123,Final               
2025-02-22 20:13:51,0022400809,2025-02-22 06:30 PM PST,UTA,79,HOU,81,3rd Qtr             
2025-02-22 20:13:51,0022400810,2025-02-22 07:00 PM PST,POR,73,CHA,40,Halftime            
2025-02-22 20:14:10,0022400809,2025-02-22 06:30 PM PST,UTA,79,HOU,81,Q3 2:52
2025-02-22 20:14:10,0022400810,2025-02-22 07:00 PM PST,POR,73,CHA,40,Half
2025-02-22 20:14:10,0022400806,2025-02-22 02:00 PM PST,CHI,117,PHX,121,Final
2025-02-22 20:14:10,0022400807,2025-02-22 04:30 PM PST,PHI,103,BKN,105,Final
2025-02-22 20:14:10,0022400808,2025-02-22 05:30 PM PST,DEN,100,LAL,123,Final               
2025-02-22 20:14:21,0022400806,2025-02-22 02:00 PM PST,CHI,117,PHX,121,Final
2025-02-22 20:14:21,0022400807,2025-02-22 04:30 PM PST,PHI,103,BKN,105,Final
2025-02-22 20:14:21,0022400808,2025-02-22 05:30 PM PST,DEN,100,LAL,123,Final               
2025-02-22 20:14:22,0022400809,2025-02-22 06:30 PM PST,UTA,79,HOU,81,3rd Qtr             
2025-02-22 20:14:22,0022400810,2025-02-22 07:00 PM PST,POR,73,CHA,40,Halftime            
2025-02-22 20:14:40,0022400806,2025-02-22 02:00 PM PST,CHI,117,PHX,121,Final
2025-02-22 20:14:40,0022400807,2025-02-22 04:30 PM PST,PHI,103,BKN,105,Final
2025-02-22 20:14:40,0022400808,2025-02-22 05:30 PM PST,DEN,100,LAL,123,Final               
2025-02-22 20:14:41,0022400809,2025-02-22 06:30 PM PST,UTA,79,HOU,81,3rd Qtr             
2025-02-22 20:14:41,0022400810,2025-02-22 07:00 PM PST,POR,73,CHA,40,Halftime            
2025-02-22 20:14:52,0022400809,2025-02-22 06:30 PM PST,UTA,79,HOU,81,Q3 2:52
2025-02-22 20:14:52,0022400810,2025-02-22 07:00 PM PST,POR,73,CHA,40,Half
2025-02-22 20:14:52,0022400806,2025-02-22 02:00 PM PST,CHI,117,PHX,121,Final
2025-02-22 20:14:52,0022400807,2025-02-22 04:30 PM PST,PHI,103,BKN,105,Final
2025-02-22 20:14:52,0022400808,2025-02-22 05:30 PM PST,DEN,100,LAL,123,Final               
2025-02-22 20:15:11,0022400806,2025-02-22 02:00 PM PST,CHI,117,PHX,121,Final
2025-02-22 20:15:11,0022400807,2025-02-22 04:30 PM PST,PHI,103,BKN,105,Final
2025-02-22 20:15:11,0022400808,2025-02-22 05:30 PM PST,DEN,100,LAL,123,Final               
2025-02-22 20:15:11,0022400809,2025-02-22 06:30 PM PST,UTA,79,HOU,81,3rd Qtr             
2025-02-22 20:15:11,0022400810,2025-02-22 07:00 PM PST,POR,73,CHA,40,Halftime            
2025-02-22 20:15:22,0022400806,2025-02-22 02:00 PM PST,CHI,117,PHX,121,Final
2025-02-22 20:15:23,0022400807,2025-02-22 04:30 PM PST,PHI,103,BKN,105,Final
2025-02-22 20:15:23,0022400808,2025-02-22 05:30 PM PST,DEN,100,LAL,123,Final               
2025-02-22 20:15:23,0022400809,2025-02-22 06:30 PM PST,UTA,79,HOU,81,3rd Qtr             
2025-02-22 20:15:23,0022400810,2025-02-22 07:00 PM PST,POR,73,CHA,40,Halftime            
2025-02-22 20:15:42,0022400806,2025-02-22 02:00 PM PST,CHI,117,PHX,121,Final
2025-02-22 20:15:42,0022400807,2025-02-22 04:30 PM PST,PHI,103,BKN,105,Final
2025-02-22 20:15:42,0022400808,2025-02-22 05:30 PM PST,DEN,100,LAL,123,Final
2025-02-22 20:15:42,0022400809,2025-02-22 06:30 PM PST,UTA,81,HOU,81,3rd Qtr             
2025-02-22 20:15:42,0022400810,2025-02-22 07:00 PM PST,POR,73,CHA,40,Halftime            
2025-02-22 20:15:53,0022400806,2025-02-22 02:00 PM PST,CHI,117,PHX,121,Final
2025-02-22 20:15:53,0022400807,2025-02-22 04:30 PM PST,PHI,103,BKN,105,Final
2025-02-22 20:15:54,0022400808,2025-02-22 05:30 PM PST,DEN,100,LAL,123,Final
2025-02-22 20:15:54,0022400809,2025-02-22 06:30 PM PST,UTA,81,HOU,83,3rd Qtr             
2025-02-22 20:15:54,0022400810,2025-02-22 07:00 PM PST,POR,73,CHA,40,Halftime            
2025-02-22 20:16:12,0022400809,2025-02-22 06:30 PM PST,UTA,83,HOU,83,Q3 1:45
2025-02-22 20:16:12,0022400810,2025-02-22 07:00 PM PST,POR,73,CHA,40,Half
2025-02-22 20:16:13,0022400806,2025-02-22 02:00 PM PST,CHI,117,PHX,121,Final
2025-02-22 20:16:13,0022400807,2025-02-22 04:30 PM PST,PHI,103,BKN,105,Final
2025-02-22 20:16:13,0022400808,2025-02-22 05:30 PM PST,DEN,100,LAL,123,Final
2025-02-22 20:16:24,0022400806,2025-02-22 02:00 PM PST,CHI,117,PHX,121,Final
2025-02-22 20:16:24,0022400807,2025-02-22 04:30 PM PST,PHI,103,BKN,105,Final
2025-02-22 20:16:24,0022400808,2025-02-22 05:30 PM PST,DEN,100,LAL,123,Final
2025-02-22 20:16:24,0022400809,2025-02-22 06:30 PM PST,UTA,83,HOU,83,3rd Qtr             
2025-02-22 20:16:25,0022400810,2025-02-22 07:00 PM PST,POR,73,CHA,40,Halftime            
2025-02-22 20:16:43,0022400806,2025-02-22 02:00 PM PST,CHI,117,PHX,121,Final
2025-02-22 20:16:43,0022400807,2025-02-22 04:30 PM PST,PHI,103,BKN,105,Final
2025-02-22 20:16:43,0022400808,2025-02-22 05:30 PM PST,DEN,100,LAL,123,Final
2025-02-22 20:16:43,0022400809,2025-02-22 06:30 PM PST,UTA,83,HOU,85,3rd Qtr             
2025-02-22 20:16:44,0022400810,2025-02-22 07:00 PM PST,POR,73,CHA,40,Halftime            
2025-02-22 20:16:55,0022400806,2025-02-22 02:00 PM PST,CHI,117,PHX,121,Final
2025-02-22 20:16:55,0022400807,2025-02-22 04:30 PM PST,PHI,103,BKN,105,Final
2025-02-22 20:16:55,0022400808,2025-02-22 05:30 PM PST,DEN,100,LAL,123,Final
2025-02-22 20:16:55,0022400809,2025-02-22 06:30 PM PST,UTA,85,HOU,85,3rd Qtr             
2025-02-22 20:16:55,0022400810,2025-02-22 07:00 PM PST,POR,73,CHA,40,Halftime            
2025-02-22 20:17:14,0022400806,2025-02-22 02:00 PM PST,CHI,117,PHX,121,Final
2025-02-22 20:17:14,0022400807,2025-02-22 04:30 PM PST,PHI,103,BKN,105,Final
2025-02-22 20:17:14,0022400808,2025-02-22 05:30 PM PST,DEN,100,LAL,123,Final
2025-02-22 20:17:14,0022400809,2025-02-22 06:30 PM PST,UTA,85,HOU,85,3rd Qtr             
2025-02-22 20:17:14,0022400810,2025-02-22 07:00 PM PST,POR,73,CHA,40,Halftime            
2025-02-22 20:17:25,0022400806,2025-02-22 02:00 PM PST,CHI,117,PHX,121,Final
2025-02-22 20:17:26,0022400807,2025-02-22 04:30 PM PST,PHI,103,BKN,105,Final
2025-02-22 20:17:26,0022400808,2025-02-22 05:30 PM PST,DEN,100,LAL,123,Final
2025-02-22 20:17:26,0022400809,2025-02-22 06:30 PM PST,UTA,85,HOU,85,3rd Qtr             
2025-02-22 20:17:26,0022400810,2025-02-22 07:00 PM PST,POR,73,CHA,40,Halftime            
2025-02-22 20:17:44,0022400806,2025-02-22 02:00 PM PST,CHI,117,PHX,121,Final
2025-02-22 20:17:45,0022400807,2025-02-22 04:30 PM PST,PHI,103,BKN,105,Final
2025-02-22 20:17:45,0022400808,2025-02-22 05:30 PM PST,DEN,100,LAL,123,Final
2025-02-22 20:17:45,0022400809,2025-02-22 06:30 PM PST,UTA,85,HOU,86,3rd Qtr             
2025-02-22 20:17:45,0022400810,2025-02-22 07:00 PM PST,POR,73,CHA,40,Halftime            
2025-02-22 20:17:56,0022400809,2025-02-22 06:30 PM PST,UTA,85,HOU,87,Q3 :49.4
2025-02-22 20:17:56,0022400810,2025-02-22 07:00 PM PST,POR,73,CHA,40,Half
2025-02-22 20:17:56,0022400806,2025-02-22 02:00 PM PST,CHI,117,PHX,121,Final
2025-02-22 20:17:56,0022400807,2025-02-22 04:30 PM PST,PHI,103,BKN,105,Final
2025-02-22 20:17:57,0022400808,2025-02-22 05:30 PM PST,DEN,100,LAL,123,Final
2025-02-22 20:18:15,0022400806,2025-02-22 02:00 PM PST,CHI,117,PHX,121,Final
2025-02-22 20:18:15,0022400807,2025-02-22 04:30 PM PST,PHI,103,BKN,105,Final
2025-02-22 20:18:15,0022400808,2025-02-22 05:30 PM PST,DEN,100,LAL,123,Final
2025-02-22 20:18:15,0022400809,2025-02-22 06:30 PM PST,UTA,85,HOU,87,3rd Qtr             
2025-02-22 20:18:16,0022400810,2025-02-22 07:00 PM PST,POR,73,CHA,40,Halftime            
2025-02-22 20:18:27,0022400806,2025-02-22 02:00 PM PST,CHI,117,PHX,121,Final
2025-02-22 20:18:27,0022400807,2025-02-22 04:30 PM PST,PHI,103,BKN,105,Final
2025-02-22 20:18:27,0022400808,2025-02-22 05:30 PM PST,DEN,100,LAL,123,Final
2025-02-22 20:18:27,0022400809,2025-02-22 06:30 PM PST,UTA,87,HOU,87,3rd Qtr             
2025-02-22 20:18:27,0022400810,2025-02-22 07:00 PM PST,POR,73,CHA,40,Halftime            
2025-02-22 20:18:46,0022400806,2025-02-22 02:00 PM PST,CHI,117,PHX,121,Final
2025-02-22 20:18:46,0022400807,2025-02-22 04:30 PM PST,PHI,103,BKN,105,Final
2025-02-22 20:18:46,0022400808,2025-02-22 05:30 PM PST,DEN,100,LAL,123,Final
2025-02-22 20:18:46,0022400809,2025-02-22 06:30 PM PST,UTA,87,HOU,90,3rd Qtr             
2025-02-22 20:18:46,0022400810,2025-02-22 07:00 PM PST,POR,73,CHA,40,Halftime            
2025-02-22 20:18:57,0022400806,2025-02-22 02:00 PM PST,CHI,117,PHX,121,Final
2025-02-22 20:18:58,0022400807,2025-02-22 04:30 PM PST,PHI,103,BKN,105,Final
2025-02-22 20:18:58,0022400808,2025-02-22 05:30 PM PST,DEN,100,LAL,123,Final
2025-02-22 20:18:58,0022400809,2025-02-22 06:30 PM PST,UTA,87,HOU,90,3rd Qtr             
2025-02-22 20:18:58,0022400810,2025-02-22 07:00 PM PST,POR,73,CHA,40,Halftime            
2025-02-22 20:19:16,0022400806,2025-02-22 02:00 PM PST,CHI,117,PHX,121,Final
2025-02-22 20:19:17,0022400807,2025-02-22 04:30 PM PST,PHI,103,BKN,105,Final
2025-02-22 20:19:17,0022400808,2025-02-22 05:30 PM PST,DEN,100,LAL,123,Final
2025-02-22 20:19:17,0022400809,2025-02-22 06:30 PM PST,UTA,87,HOU,90,3rd Qtr             
2025-02-22 20:19:17,0022400810,2025-02-22 07:00 PM PST,POR,73,CHA,40,Halftime            
2025-02-22 20:19:28,0022400806,2025-02-22 02:00 PM PST,CHI,117,PHX,121,Final
2025-02-22 20:19:28,0022400807,2025-02-22 04:30 PM PST,PHI,103,BKN,105,Final
2025-02-22 20:19:28,0022400808,2025-02-22 05:30 PM PST,DEN,100,LAL,123,Final
2025-02-22 20:19:28,0022400809,2025-02-22 06:30 PM PST,UTA,87,HOU,90,3rd Qtr             
2025-02-22 20:19:29,0022400810,2025-02-22 07:00 PM PST,POR,73,CHA,40,Halftime            
2025-02-22 20:19:47,0022400809,2025-02-22 06:30 PM PST,UTA,87,HOU,90,END Q3
2025-02-22 20:19:47,0022400810,2025-02-22 07:00 PM PST,POR,73,CHA,40,Half
2025-02-22 20:19:47,0022400806,2025-02-22 02:00 PM PST,CHI,117,PHX,121,Final
2025-02-22 20:19:47,0022400807,2025-02-22 04:30 PM PST,PHI,103,BKN,105,Final
2025-02-22 20:19:48,0022400808,2025-02-22 05:30 PM PST,DEN,100,LAL,123,Final
2025-02-22 20:19:59,0022400806,2025-02-22 02:00 PM PST,CHI,117,PHX,121,Final
2025-02-22 20:19:59,0022400807,2025-02-22 04:30 PM PST,PHI,103,BKN,105,Final
2025-02-22 20:19:59,0022400808,2025-02-22 05:30 PM PST,DEN,100,LAL,123,Final
2025-02-22 20:19:59,0022400809,2025-02-22 06:30 PM PST,UTA,87,HOU,90,End of 3rd Qtr      
2025-02-22 20:19:59,0022400810,2025-02-22 07:00 PM PST,POR,73,CHA,40,Halftime            
2025-02-22 20:20:18,0022400806,2025-02-22 02:00 PM PST,CHI,117,PHX,121,Final
2025-02-22 20:20:18,0022400807,2025-02-22 04:30 PM PST,PHI,103,BKN,105,Final
2025-02-22 20:20:18,0022400808,2025-02-22 05:30 PM PST,DEN,100,LAL,123,Final
2025-02-22 20:20:19,0022400809,2025-02-22 06:30 PM PST,UTA,87,HOU,90,End of 3rd Qtr      
2025-02-22 20:20:19,0022400810,2025-02-22 07:00 PM PST,POR,73,CHA,40,Halftime            
2025-02-22 20:20:30,0022400806,2025-02-22 02:00 PM PST,CHI,117,PHX,121,Final
2025-02-22 20:20:30,0022400807,2025-02-22 04:30 PM PST,PHI,103,BKN,105,Final
2025-02-22 20:20:30,0022400808,2025-02-22 05:30 PM PST,DEN,100,LAL,123,Final
2025-02-22 20:20:30,0022400809,2025-02-22 06:30 PM PST,UTA,87,HOU,90,End of 3rd Qtr      
2025-02-22 20:20:30,0022400810,2025-02-22 07:00 PM PST,POR,73,CHA,40,Halftime            
2025-02-22 20:20:49,0022400806,2025-02-22 02:00 PM PST,CHI,117,PHX,121,Final
2025-02-22 20:20:49,0022400807,2025-02-22 04:30 PM PST,PHI,103,BKN,105,Final
2025-02-22 20:20:49,0022400808,2025-02-22 05:30 PM PST,DEN,100,LAL,123,Final
2025-02-22 20:20:49,0022400809,2025-02-22 06:30 PM PST,UTA,87,HOU,90,End of 3rd Qtr      
2025-02-22 20:20:49,0022400810,2025-02-22 07:00 PM PST,POR,73,CHA,40,Halftime            
2025-02-22 20:21:00,0022400806,2025-02-22 02:00 PM PST,CHI,117,PHX,121,Final
2025-02-22 20:21:00,0022400807,2025-02-22 04:30 PM PST,PHI,103,BKN,105,Final
2025-02-22 20:21:00,0022400808,2025-02-22 05:30 PM PST,DEN,100,LAL,123,Final
2025-02-22 20:21:01,0022400809,2025-02-22 06:30 PM PST,UTA,87,HOU,90,End of 3rd Qtr      
2025-02-22 20:21:01,0022400810,2025-02-22 07:00 PM PST,POR,73,CHA,40,Halftime            
2025-02-22 20:21:20,0022400806,2025-02-22 02:00 PM PST,CHI,117,PHX,121,Final
2025-02-22 20:21:20,0022400807,2025-02-22 04:30 PM PST,PHI,103,BKN,105,Final
2025-02-22 20:21:20,0022400808,2025-02-22 05:30 PM PST,DEN,100,LAL,123,Final
2025-02-22 20:21:20,0022400809,2025-02-22 06:30 PM PST,UTA,87,HOU,90,End of 3rd Qtr      
2025-02-22 20:21:20,0022400810,2025-02-22 07:00 PM PST,POR,73,CHA,40,Halftime            
2025-02-22 20:21:31,0022400806,2025-02-22 02:00 PM PST,CHI,117,PHX,121,Final
2025-02-22 20:21:31,0022400807,2025-02-22 04:30 PM PST,PHI,103,BKN,105,Final
2025-02-22 20:21:31,0022400808,2025-02-22 05:30 PM PST,DEN,100,LAL,123,Final
2025-02-22 20:21:31,0022400809,2025-02-22 06:30 PM PST,UTA,87,HOU,90,End of 3rd Qtr      
2025-02-22 20:21:31,0022400810,2025-02-22 07:00 PM PST,POR,73,CHA,40,Halftime            
2025-02-22 20:21:51,0022400806,2025-02-22 02:00 PM PST,CHI,117,PHX,121,Final
2025-02-22 20:21:51,0022400807,2025-02-22 04:30 PM PST,PHI,103,BKN,105,Final
2025-02-22 20:21:51,0022400808,2025-02-22 05:30 PM PST,DEN,100,LAL,123,Final
2025-02-22 20:21:51,0022400809,2025-02-22 06:30 PM PST,UTA,87,HOU,90,End of 3rd Qtr      
2025-02-22 20:21:51,0022400810,2025-02-22 07:00 PM PST,POR,73,CHA,40,Halftime            
2025-02-22 20:22:02,0022400806,2025-02-22 02:00 PM PST,CHI,117,PHX,121,Final
2025-02-22 20:22:02,0022400807,2025-02-22 04:30 PM PST,PHI,103,BKN,105,Final
2025-02-22 20:22:02,0022400808,2025-02-22 05:30 PM PST,DEN,100,LAL,123,Final
2025-02-22 20:22:02,0022400809,2025-02-22 06:30 PM PST,UTA,87,HOU,90,End of 3rd Qtr      
2025-02-22 20:22:02,0022400810,2025-02-22 07:00 PM PST,POR,73,CHA,40,Halftime            
2025-02-22 20:22:21,0022400806,2025-02-22 02:00 PM PST,CHI,117,PHX,121,Final
2025-02-22 20:22:21,0022400807,2025-02-22 04:30 PM PST,PHI,103,BKN,105,Final
2025-02-22 20:22:22,0022400808,2025-02-22 05:30 PM PST,DEN,100,LAL,123,Final
2025-02-22 20:22:22,0022400809,2025-02-22 06:30 PM PST,UTA,87,HOU,90,End of 3rd Qtr      
2025-02-22 20:22:22,0022400810,2025-02-22 07:00 PM PST,POR,73,CHA,40,Start of 3rd Qtr    
2025-02-22 20:22:32,0022400806,2025-02-22 02:00 PM PST,CHI,117,PHX,121,Final
2025-02-22 20:22:32,0022400807,2025-02-22 04:30 PM PST,PHI,103,BKN,105,Final
2025-02-22 20:22:33,0022400808,2025-02-22 05:30 PM PST,DEN,100,LAL,123,Final
2025-02-22 20:22:33,0022400809,2025-02-22 06:30 PM PST,UTA,87,HOU,90,End of 3rd Qtr      
2025-02-22 20:22:33,0022400810,2025-02-22 07:00 PM PST,POR,73,CHA,40,3rd Qtr             
2025-02-22 20:22:52,0022400809,2025-02-22 06:30 PM PST,UTA,87,HOU,90,Q4 12:00
2025-02-22 20:22:52,0022400810,2025-02-22 07:00 PM PST,POR,75,CHA,40,Q3 11:19
2025-02-22 20:22:52,0022400806,2025-02-22 02:00 PM PST,CHI,117,PHX,121,Final
2025-02-22 20:22:52,0022400807,2025-02-22 04:30 PM PST,PHI,103,BKN,105,Final
2025-02-22 20:22:52,0022400808,2025-02-22 05:30 PM PST,DEN,100,LAL,123,Final
2025-02-22 20:23:03,0022400806,2025-02-22 02:00 PM PST,CHI,117,PHX,121,Final
2025-02-22 20:23:03,0022400807,2025-02-22 04:30 PM PST,PHI,103,BKN,105,Final
2025-02-22 20:23:04,0022400808,2025-02-22 05:30 PM PST,DEN,100,LAL,123,Final
2025-02-22 20:23:04,0022400809,2025-02-22 06:30 PM PST,UTA,87,HOU,90,Start of 4th Qtr    
2025-02-22 20:23:04,0022400810,2025-02-22 07:00 PM PST,POR,75,CHA,40,3rd Qtr             
2025-02-22 20:23:23,0022400806,2025-02-22 02:00 PM PST,CHI,117,PHX,121,Final
2025-02-22 20:23:23,0022400807,2025-02-22 04:30 PM PST,PHI,103,BKN,105,Final
2025-02-22 20:23:23,0022400808,2025-02-22 05:30 PM PST,DEN,100,LAL,123,Final
2025-02-22 20:23:23,0022400809,2025-02-22 06:30 PM PST,UTA,89,HOU,93,4th Qtr             
2025-02-22 20:23:23,0022400810,2025-02-22 07:00 PM PST,POR,75,CHA,40,3rd Qtr             
2025-02-22 20:23:34,0022400806,2025-02-22 02:00 PM PST,CHI,117,PHX,121,Final
2025-02-22 20:23:34,0022400807,2025-02-22 04:30 PM PST,PHI,103,BKN,105,Final
2025-02-22 20:23:34,0022400808,2025-02-22 05:30 PM PST,DEN,100,LAL,123,Final
2025-02-22 20:23:34,0022400809,2025-02-22 06:30 PM PST,UTA,89,HOU,93,4th Qtr             
2025-02-22 20:23:34,0022400810,2025-02-22 07:00 PM PST,POR,75,CHA,41,3rd Qtr             
2025-02-22 20:23:53,0022400806,2025-02-22 02:00 PM PST,CHI,117,PHX,121,Final
2025-02-22 20:23:53,0022400807,2025-02-22 04:30 PM PST,PHI,103,BKN,105,Final
2025-02-22 20:23:54,0022400808,2025-02-22 05:30 PM PST,DEN,100,LAL,123,Final
2025-02-22 20:23:54,0022400809,2025-02-22 06:30 PM PST,UTA,89,HOU,96,4th Qtr             
2025-02-22 20:23:54,0022400810,2025-02-22 07:00 PM PST,POR,77,CHA,42,3rd Qtr             
2025-02-22 20:24:05,0022400806,2025-02-22 02:00 PM PST,CHI,117,PHX,121,Final
2025-02-22 20:24:05,0022400807,2025-02-22 04:30 PM PST,PHI,103,BKN,105,Final
2025-02-22 20:24:05,0022400808,2025-02-22 05:30 PM PST,DEN,100,LAL,123,Final
2025-02-22 20:24:05,0022400809,2025-02-22 06:30 PM PST,UTA,89,HOU,96,4th Qtr             
2025-02-22 20:24:05,0022400810,2025-02-22 07:00 PM PST,POR,77,CHA,42,3rd Qtr             
2025-02-22 20:24:24,0022400806,2025-02-22 02:00 PM PST,CHI,117,PHX,121,Final
2025-02-22 20:24:24,0022400807,2025-02-22 04:30 PM PST,PHI,103,BKN,105,Final
2025-02-22 20:24:24,0022400808,2025-02-22 05:30 PM PST,DEN,100,LAL,123,Final
2025-02-22 20:24:24,0022400809,2025-02-22 06:30 PM PST,UTA,91,HOU,96,4th Qtr             
2025-02-22 20:24:24,0022400810,2025-02-22 07:00 PM PST,POR,77,CHA,42,3rd Qtr             
2025-02-22 20:24:36,0022400806,2025-02-22 02:00 PM PST,CHI,117,PHX,121,Final
2025-02-22 20:24:36,0022400807,2025-02-22 04:30 PM PST,PHI,103,BKN,105,Final
2025-02-22 20:24:36,0022400808,2025-02-22 05:30 PM PST,DEN,100,LAL,123,Final
2025-02-22 20:24:36,0022400809,2025-02-22 06:30 PM PST,UTA,91,HOU,96,4th Qtr             
2025-02-22 20:24:36,0022400810,2025-02-22 07:00 PM PST,POR,78,CHA,42,3rd Qtr             
2025-02-22 20:24:55,0022400809,2025-02-22 06:30 PM PST,UTA,93,HOU,96,Q4 10:00
2025-02-22 20:24:55,0022400810,2025-02-22 07:00 PM PST,POR,78,CHA,44,Q3 10:57
2025-02-22 20:24:55,0022400806,2025-02-22 02:00 PM PST,CHI,117,PHX,121,Final
2025-02-22 20:24:55,0022400807,2025-02-22 04:30 PM PST,PHI,103,BKN,105,Final
2025-02-22 20:24:55,0022400808,2025-02-22 05:30 PM PST,DEN,100,LAL,123,Final
2025-02-22 20:25:06,0022400806,2025-02-22 02:00 PM PST,CHI,117,PHX,121,Final
2025-02-22 20:25:06,0022400807,2025-02-22 04:30 PM PST,PHI,103,BKN,105,Final
2025-02-22 20:25:07,0022400808,2025-02-22 05:30 PM PST,DEN,100,LAL,123,Final
2025-02-22 20:25:07,0022400809,2025-02-22 06:30 PM PST,UTA,93,HOU,96,4th Qtr             
2025-02-22 20:25:07,0022400810,2025-02-22 07:00 PM PST,POR,78,CHA,44,3rd Qtr             
2025-02-22 20:25:25,0022400806,2025-02-22 02:00 PM PST,CHI,117,PHX,121,Final
2025-02-22 20:25:25,0022400807,2025-02-22 04:30 PM PST,PHI,103,BKN,105,Final
2025-02-22 20:25:26,0022400808,2025-02-22 05:30 PM PST,DEN,100,LAL,123,Final
2025-02-22 20:25:26,0022400809,2025-02-22 06:30 PM PST,UTA,95,HOU,96,4th Qtr             
2025-02-22 20:25:26,0022400810,2025-02-22 07:00 PM PST,POR,78,CHA,44,3rd Qtr             
2025-02-22 20:25:37,0022400809,2025-02-22 06:30 PM PST,UTA,95,HOU,96,Q4 9:42
2025-02-22 20:25:37,0022400810,2025-02-22 07:00 PM PST,POR,78,CHA,45,Q3 10:43
2025-02-22 20:25:37,0022400806,2025-02-22 02:00 PM PST,CHI,117,PHX,121,Final
2025-02-22 20:25:37,0022400807,2025-02-22 04:30 PM PST,PHI,103,BKN,105,Final
2025-02-22 20:25:37,0022400808,2025-02-22 05:30 PM PST,DEN,100,LAL,123,Final
2025-02-22 20:25:56,0022400806,2025-02-22 02:00 PM PST,CHI,117,PHX,121,Final
2025-02-22 20:25:56,0022400807,2025-02-22 04:30 PM PST,PHI,103,BKN,105,Final
2025-02-22 20:25:56,0022400808,2025-02-22 05:30 PM PST,DEN,100,LAL,123,Final
2025-02-22 20:25:56,0022400809,2025-02-22 06:30 PM PST,UTA,95,HOU,96,4th Qtr             
2025-02-22 20:25:56,0022400810,2025-02-22 07:00 PM PST,POR,78,CHA,45,3rd Qtr             
2025-02-22 20:26:08,0022400806,2025-02-22 02:00 PM PST,CHI,117,PHX,121,Final
2025-02-22 20:26:08,0022400807,2025-02-22 04:30 PM PST,PHI,103,BKN,105,Final
2025-02-22 20:26:08,0022400808,2025-02-22 05:30 PM PST,DEN,100,LAL,123,Final
2025-02-22 20:26:08,0022400809,2025-02-22 06:30 PM PST,UTA,95,HOU,96,4th Qtr             
2025-02-22 20:26:08,0022400810,2025-02-22 07:00 PM PST,POR,78,CHA,46,3rd Qtr             
2025-02-22 20:26:27,0022400809,2025-02-22 06:30 PM PST,UTA,95,HOU,96,Q4 9:42
2025-02-22 20:26:27,0022400810,2025-02-22 07:00 PM PST,POR,81,CHA,46,Q3 10:28
2025-02-22 20:26:27,0022400806,2025-02-22 02:00 PM PST,CHI,117,PHX,121,Final
2025-02-22 20:26:27,0022400807,2025-02-22 04:30 PM PST,PHI,103,BKN,105,Final
2025-02-22 20:26:27,0022400808,2025-02-22 05:30 PM PST,DEN,100,LAL,123,Final
2025-02-22 20:26:38,0022400806,2025-02-22 02:00 PM PST,CHI,117,PHX,121,Final
2025-02-22 20:26:38,0022400807,2025-02-22 04:30 PM PST,PHI,103,BKN,105,Final
2025-02-22 20:26:39,0022400808,2025-02-22 05:30 PM PST,DEN,100,LAL,123,Final
2025-02-22 20:26:39,0022400809,2025-02-22 06:30 PM PST,UTA,95,HOU,96,4th Qtr             
2025-02-22 20:26:39,0022400810,2025-02-22 07:00 PM PST,POR,81,CHA,46,3rd Qtr             
2025-02-22 20:26:57,0022400806,2025-02-22 02:00 PM PST,CHI,117,PHX,121,Final
2025-02-22 20:26:58,0022400807,2025-02-22 04:30 PM PST,PHI,103,BKN,105,Final
2025-02-22 20:26:58,0022400808,2025-02-22 05:30 PM PST,DEN,100,LAL,123,Final
2025-02-22 20:26:58,0022400809,2025-02-22 06:30 PM PST,UTA,95,HOU,96,4th Qtr             
2025-02-22 20:26:58,0022400810,2025-02-22 07:00 PM PST,POR,84,CHA,48,3rd Qtr             
2025-02-22 20:27:09,0022400806,2025-02-22 02:00 PM PST,CHI,117,PHX,121,Final
2025-02-22 20:27:09,0022400807,2025-02-22 04:30 PM PST,PHI,103,BKN,105,Final
2025-02-22 20:27:09,0022400808,2025-02-22 05:30 PM PST,DEN,100,LAL,123,Final
2025-02-22 20:27:09,0022400809,2025-02-22 06:30 PM PST,UTA,95,HOU,96,4th Qtr             
2025-02-22 20:27:09,0022400810,2025-02-22 07:00 PM PST,POR,84,CHA,48,3rd Qtr             
2025-02-22 20:27:28,0022400809,2025-02-22 06:30 PM PST,UTA,95,HOU,96,Q4 9:42
2025-02-22 20:27:28,0022400810,2025-02-22 07:00 PM PST,POR,84,CHA,51,Q3 9:13
2025-02-22 20:27:28,0022400806,2025-02-22 02:00 PM PST,CHI,117,PHX,121,Final
2025-02-22 20:27:29,0022400807,2025-02-22 04:30 PM PST,PHI,103,BKN,105,Final
2025-02-22 20:27:29,0022400808,2025-02-22 05:30 PM PST,DEN,100,LAL,123,Final
2025-02-22 20:27:40,0022400806,2025-02-22 02:00 PM PST,CHI,117,PHX,121,Final
2025-02-22 20:27:40,0022400807,2025-02-22 04:30 PM PST,PHI,103,BKN,105,Final
2025-02-22 20:27:40,0022400808,2025-02-22 05:30 PM PST,DEN,100,LAL,123,Final
2025-02-22 20:27:40,0022400809,2025-02-22 06:30 PM PST,UTA,95,HOU,96,4th Qtr             
2025-02-22 20:27:40,0022400810,2025-02-22 07:00 PM PST,POR,84,CHA,51,3rd Qtr             
2025-02-22 20:27:59,0022400806,2025-02-22 02:00 PM PST,CHI,117,PHX,121,Final
2025-02-22 20:27:59,0022400807,2025-02-22 04:30 PM PST,PHI,103,BKN,105,Final
2025-02-22 20:27:59,0022400808,2025-02-22 05:30 PM PST,DEN,100,LAL,123,Final
2025-02-22 20:27:59,0022400809,2025-02-22 06:30 PM PST,UTA,95,HOU,96,4th Qtr             
2025-02-22 20:27:59,0022400810,2025-02-22 07:00 PM PST,POR,84,CHA,51,3rd Qtr             
2025-02-22 20:28:10,0022400806,2025-02-22 02:00 PM PST,CHI,117,PHX,121,Final
2025-02-22 20:28:10,0022400807,2025-02-22 04:30 PM PST,PHI,103,BKN,105,Final
2025-02-22 20:28:11,0022400808,2025-02-22 05:30 PM PST,DEN,100,LAL,123,Final
2025-02-22 20:28:11,0022400809,2025-02-22 06:30 PM PST,UTA,95,HOU,96,4th Qtr             
2025-02-22 20:28:11,0022400810,2025-02-22 07:00 PM PST,POR,84,CHA,53,3rd Qtr             
2025-02-22 20:28:30,0022400809,2025-02-22 06:30 PM PST,UTA,95,HOU,96,Q4 9:31
2025-02-22 20:28:30,0022400810,2025-02-22 07:00 PM PST,POR,84,CHA,53,Q3 8:32
2025-02-22 20:28:30,0022400806,2025-02-22 02:00 PM PST,CHI,117,PHX,121,Final
2025-02-22 20:28:30,0022400807,2025-02-22 04:30 PM PST,PHI,103,BKN,105,Final
2025-02-22 20:28:30,0022400808,2025-02-22 05:30 PM PST,DEN,100,LAL,123,Final
2025-02-22 20:28:41,0022400809,2025-02-22 06:30 PM PST,UTA,95,HOU,96,Q4 9:31
2025-02-22 20:28:41,0022400810,2025-02-22 07:00 PM PST,POR,84,CHA,53,Q3 8:32
2025-02-22 20:28:41,0022400806,2025-02-22 02:00 PM PST,CHI,117,PHX,121,Final
2025-02-22 20:28:41,0022400807,2025-02-22 04:30 PM PST,PHI,103,BKN,105,Final
2025-02-22 20:28:41,0022400808,2025-02-22 05:30 PM PST,DEN,100,LAL,123,Final
2025-02-22 20:29:00,0022400806,2025-02-22 02:00 PM PST,CHI,117,PHX,121,Final
2025-02-22 20:29:01,0022400807,2025-02-22 04:30 PM PST,PHI,103,BKN,105,Final
2025-02-22 20:29:01,0022400808,2025-02-22 05:30 PM PST,DEN,100,LAL,123,Final
2025-02-22 20:29:01,0022400809,2025-02-22 06:30 PM PST,UTA,95,HOU,96,4th Qtr             
2025-02-22 20:29:01,0022400810,2025-02-22 07:00 PM PST,POR,84,CHA,53,3rd Qtr             
2025-02-22 20:29:12,0022400806,2025-02-22 02:00 PM PST,CHI,117,PHX,121,Final
2025-02-22 20:29:12,0022400807,2025-02-22 04:30 PM PST,PHI,103,BKN,105,Final
2025-02-22 20:29:12,0022400808,2025-02-22 05:30 PM PST,DEN,100,LAL,123,Final
2025-02-22 20:29:12,0022400809,2025-02-22 06:30 PM PST,UTA,95,HOU,96,4th Qtr             
2025-02-22 20:29:12,0022400810,2025-02-22 07:00 PM PST,POR,84,CHA,53,3rd Qtr             
2025-02-22 20:29:31,0022400806,2025-02-22 02:00 PM PST,CHI,117,PHX,121,Final
2025-02-22 20:29:31,0022400807,2025-02-22 04:30 PM PST,PHI,103,BKN,105,Final
2025-02-22 20:29:31,0022400808,2025-02-22 05:30 PM PST,DEN,100,LAL,123,Final
2025-02-22 20:29:31,0022400809,2025-02-22 06:30 PM PST,UTA,95,HOU,97,4th Qtr             
2025-02-22 20:29:32,0022400810,2025-02-22 07:00 PM PST,POR,84,CHA,53,3rd Qtr             
2025-02-22 20:29:42,0022400806,2025-02-22 02:00 PM PST,CHI,117,PHX,121,Final
2025-02-22 20:29:43,0022400807,2025-02-22 04:30 PM PST,PHI,103,BKN,105,Final
2025-02-22 20:29:43,0022400808,2025-02-22 05:30 PM PST,DEN,100,LAL,123,Final
2025-02-22 20:29:43,0022400809,2025-02-22 06:30 PM PST,UTA,98,HOU,97,4th Qtr             
2025-02-22 20:29:43,0022400810,2025-02-22 07:00 PM PST,POR,84,CHA,53,3rd Qtr             
2025-02-22 20:30:02,0022400809,2025-02-22 06:30 PM PST,UTA,100,HOU,97,Q4 8:46
2025-02-22 20:30:02,0022400810,2025-02-22 07:00 PM PST,POR,84,CHA,53,Q3 7:56
2025-02-22 20:30:02,0022400806,2025-02-22 02:00 PM PST,CHI,117,PHX,121,Final
2025-02-22 20:30:02,0022400807,2025-02-22 04:30 PM PST,PHI,103,BKN,105,Final
2025-02-22 20:30:02,0022400808,2025-02-22 05:30 PM PST,DEN,100,LAL,123,Final
2025-02-22 20:30:13,0022400806,2025-02-22 02:00 PM PST,CHI,117,PHX,121,Final
2025-02-22 20:30:13,0022400807,2025-02-22 04:30 PM PST,PHI,103,BKN,105,Final
2025-02-22 20:30:13,0022400808,2025-02-22 05:30 PM PST,DEN,100,LAL,123,Final
2025-02-22 20:30:13,0022400809,2025-02-22 06:30 PM PST,UTA,100,HOU,97,4th Qtr             
2025-02-22 20:30:14,0022400810,2025-02-22 07:00 PM PST,POR,84,CHA,53,3rd Qtr             
2025-02-22 20:30:32,0022400809,2025-02-22 06:30 PM PST,UTA,100,HOU,97,Q4 8:35
2025-02-22 20:30:32,0022400810,2025-02-22 07:00 PM PST,POR,84,CHA,53,Q3 7:29
2025-02-22 20:30:33,0022400806,2025-02-22 02:00 PM PST,CHI,117,PHX,121,Final
2025-02-22 20:30:33,0022400807,2025-02-22 04:30 PM PST,PHI,103,BKN,105,Final
2025-02-22 20:30:33,0022400808,2025-02-22 05:30 PM PST,DEN,100,LAL,123,Final
2025-02-22 20:30:44,0022400809,2025-02-22 06:30 PM PST,UTA,100,HOU,97,Q4 8:29
2025-02-22 20:30:44,0022400810,2025-02-22 07:00 PM PST,POR,84,CHA,53,Q3 7:29
2025-02-22 20:30:44,0022400806,2025-02-22 02:00 PM PST,CHI,117,PHX,121,Final
2025-02-22 20:30:44,0022400807,2025-02-22 04:30 PM PST,PHI,103,BKN,105,Final
2025-02-22 20:30:44,0022400808,2025-02-22 05:30 PM PST,DEN,100,LAL,123,Final
2025-02-22 20:31:03,0022400806,2025-02-22 02:00 PM PST,CHI,117,PHX,121,Final
2025-02-22 20:31:03,0022400807,2025-02-22 04:30 PM PST,PHI,103,BKN,105,Final
2025-02-22 20:31:03,0022400808,2025-02-22 05:30 PM PST,DEN,100,LAL,123,Final
2025-02-22 20:31:04,0022400809,2025-02-22 06:30 PM PST,UTA,100,HOU,97,4th Qtr             
2025-02-22 20:31:04,0022400810,2025-02-22 07:00 PM PST,POR,84,CHA,53,3rd Qtr             
2025-02-22 20:31:14,0022400809,2025-02-22 06:30 PM PST,UTA,100,HOU,97,Q4 8:29
2025-02-22 20:31:15,0022400810,2025-02-22 07:00 PM PST,POR,84,CHA,53,Q3 7:02
2025-02-22 20:31:15,0022400806,2025-02-22 02:00 PM PST,CHI,117,PHX,121,Final
2025-02-22 20:31:15,0022400807,2025-02-22 04:30 PM PST,PHI,103,BKN,105,Final
2025-02-22 20:31:15,0022400808,2025-02-22 05:30 PM PST,DEN,100,LAL,123,Final
2025-02-22 20:31:34,0022400806,2025-02-22 02:00 PM PST,CHI,117,PHX,121,Final
2025-02-22 20:31:34,0022400807,2025-02-22 04:30 PM PST,PHI,103,BKN,105,Final
2025-02-22 20:31:34,0022400808,2025-02-22 05:30 PM PST,DEN,100,LAL,123,Final
2025-02-22 20:31:34,0022400809,2025-02-22 06:30 PM PST,UTA,100,HOU,97,4th Qtr             
2025-02-22 20:31:34,0022400810,2025-02-22 07:00 PM PST,POR,84,CHA,53,3rd Qtr             
2025-02-22 20:31:45,0022400809,2025-02-22 06:30 PM PST,UTA,100,HOU,98,Q4 8:29
2025-02-22 20:31:45,0022400810,2025-02-22 07:00 PM PST,POR,87,CHA,53,Q3 6:42
2025-02-22 20:31:45,0022400806,2025-02-22 02:00 PM PST,CHI,117,PHX,121,Final
2025-02-22 20:31:46,0022400807,2025-02-22 04:30 PM PST,PHI,103,BKN,105,Final
2025-02-22 20:31:46,0022400808,2025-02-22 05:30 PM PST,DEN,100,LAL,123,Final
2025-02-22 20:32:04,0022400806,2025-02-22 02:00 PM PST,CHI,117,PHX,121,Final
2025-02-22 20:32:05,0022400807,2025-02-22 04:30 PM PST,PHI,103,BKN,105,Final
2025-02-22 20:32:05,0022400808,2025-02-22 05:30 PM PST,DEN,100,LAL,123,Final
2025-02-22 20:32:05,0022400809,2025-02-22 06:30 PM PST,UTA,100,HOU,98,4th Qtr             
2025-02-22 20:32:05,0022400810,2025-02-22 07:00 PM PST,POR,87,CHA,53,3rd Qtr             
2025-02-22 20:32:16,0022400806,2025-02-22 02:00 PM PST,CHI,117,PHX,121,Final
2025-02-22 20:32:16,0022400807,2025-02-22 04:30 PM PST,PHI,103,BKN,105,Final
2025-02-22 20:32:16,0022400808,2025-02-22 05:30 PM PST,DEN,100,LAL,123,Final
2025-02-22 20:32:16,0022400809,2025-02-22 06:30 PM PST,UTA,100,HOU,98,4th Qtr             
2025-02-22 20:32:16,0022400810,2025-02-22 07:00 PM PST,POR,87,CHA,53,3rd Qtr             
2025-02-22 20:32:35,0022400806,2025-02-22 02:00 PM PST,CHI,117,PHX,121,Final
2025-02-22 20:32:35,0022400807,2025-02-22 04:30 PM PST,PHI,103,BKN,105,Final
2025-02-22 20:32:35,0022400808,2025-02-22 05:30 PM PST,DEN,100,LAL,123,Final
2025-02-22 20:32:36,0022400809,2025-02-22 06:30 PM PST,UTA,103,HOU,98,4th Qtr             
2025-02-22 20:32:36,0022400810,2025-02-22 07:00 PM PST,POR,87,CHA,53,3rd Qtr             
2025-02-22 20:32:47,0022400806,2025-02-22 02:00 PM PST,CHI,117,PHX,121,Final
2025-02-22 20:32:47,0022400807,2025-02-22 04:30 PM PST,PHI,103,BKN,105,Final
2025-02-22 20:32:47,0022400808,2025-02-22 05:30 PM PST,DEN,100,LAL,123,Final
2025-02-22 20:32:47,0022400809,2025-02-22 06:30 PM PST,UTA,103,HOU,98,4th Qtr             
2025-02-22 20:32:47,0022400810,2025-02-22 07:00 PM PST,POR,87,CHA,53,3rd Qtr             
2025-02-22 20:33:06,0022400806,2025-02-22 02:00 PM PST,CHI,117,PHX,121,Final
2025-02-22 20:33:06,0022400807,2025-02-22 04:30 PM PST,PHI,103,BKN,105,Final
2025-02-22 20:33:06,0022400808,2025-02-22 05:30 PM PST,DEN,100,LAL,123,Final
2025-02-22 20:33:06,0022400809,2025-02-22 06:30 PM PST,UTA,103,HOU,98,4th Qtr             
2025-02-22 20:33:06,0022400810,2025-02-22 07:00 PM PST,POR,87,CHA,53,3rd Qtr             
2025-02-22 20:33:17,0022400806,2025-02-22 02:00 PM PST,CHI,117,PHX,121,Final
2025-02-22 20:33:17,0022400807,2025-02-22 04:30 PM PST,PHI,103,BKN,105,Final
2025-02-22 20:33:18,0022400808,2025-02-22 05:30 PM PST,DEN,100,LAL,123,Final
2025-02-22 20:33:18,0022400809,2025-02-22 06:30 PM PST,UTA,103,HOU,98,4th Qtr             
2025-02-22 20:33:18,0022400810,2025-02-22 07:00 PM PST,POR,87,CHA,53,3rd Qtr             
2025-02-22 20:33:37,0022400806,2025-02-22 02:00 PM PST,CHI,117,PHX,121,Final
2025-02-22 20:33:37,0022400807,2025-02-22 04:30 PM PST,PHI,103,BKN,105,Final
2025-02-22 20:33:37,0022400808,2025-02-22 05:30 PM PST,DEN,100,LAL,123,Final
2025-02-22 20:33:37,0022400809,2025-02-22 06:30 PM PST,UTA,105,HOU,98,4th Qtr             
2025-02-22 20:33:37,0022400810,2025-02-22 07:00 PM PST,POR,87,CHA,53,3rd Qtr             
2025-02-22 20:33:48,0022400806,2025-02-22 02:00 PM PST,CHI,117,PHX,121,Final
2025-02-22 20:33:48,0022400807,2025-02-22 04:30 PM PST,PHI,103,BKN,105,Final
2025-02-22 20:33:48,0022400808,2025-02-22 05:30 PM PST,DEN,100,LAL,123,Final
2025-02-22 20:33:48,0022400809,2025-02-22 06:30 PM PST,UTA,105,HOU,101,4th Qtr             
2025-02-22 20:33:48,0022400810,2025-02-22 07:00 PM PST,POR,87,CHA,53,3rd Qtr             
2025-02-22 20:34:07,0022400806,2025-02-22 02:00 PM PST,CHI,117,PHX,121,Final
2025-02-22 20:34:08,0022400807,2025-02-22 04:30 PM PST,PHI,103,BKN,105,Final
2025-02-22 20:34:08,0022400808,2025-02-22 05:30 PM PST,DEN,100,LAL,123,Final
2025-02-22 20:34:08,0022400809,2025-02-22 06:30 PM PST,UTA,105,HOU,101,4th Qtr             
2025-02-22 20:34:08,0022400810,2025-02-22 07:00 PM PST,POR,87,CHA,53,3rd Qtr             
2025-02-22 20:34:19,0022400806,2025-02-22 02:00 PM PST,CHI,117,PHX,121,Final
2025-02-22 20:34:19,0022400807,2025-02-22 04:30 PM PST,PHI,103,BKN,105,Final
2025-02-22 20:34:19,0022400808,2025-02-22 05:30 PM PST,DEN,100,LAL,123,Final
2025-02-22 20:34:19,0022400809,2025-02-22 06:30 PM PST,UTA,105,HOU,101,4th Qtr             
2025-02-22 20:34:19,0022400810,2025-02-22 07:00 PM PST,POR,87,CHA,53,3rd Qtr             
2025-02-22 20:34:38,0022400806,2025-02-22 02:00 PM PST,CHI,117,PHX,121,Final
2025-02-22 20:34:39,0022400807,2025-02-22 04:30 PM PST,PHI,103,BKN,105,Final
2025-02-22 20:34:39,0022400808,2025-02-22 05:30 PM PST,DEN,100,LAL,123,Final
2025-02-22 20:34:39,0022400809,2025-02-22 06:30 PM PST,UTA,108,HOU,101,4th Qtr             
2025-02-22 20:34:39,0022400810,2025-02-22 07:00 PM PST,POR,87,CHA,53,3rd Qtr             
2025-02-22 20:34:49,0022400806,2025-02-22 02:00 PM PST,CHI,117,PHX,121,Final
2025-02-22 20:34:49,0022400807,2025-02-22 04:30 PM PST,PHI,103,BKN,105,Final
2025-02-22 20:34:50,0022400808,2025-02-22 05:30 PM PST,DEN,100,LAL,123,Final
2025-02-22 20:34:50,0022400809,2025-02-22 06:30 PM PST,UTA,108,HOU,101,4th Qtr             
2025-02-22 20:34:50,0022400810,2025-02-22 07:00 PM PST,POR,87,CHA,53,3rd Qtr             
2025-02-22 20:35:09,0022400806,2025-02-22 02:00 PM PST,CHI,117,PHX,121,Final
2025-02-22 20:35:09,0022400807,2025-02-22 04:30 PM PST,PHI,103,BKN,105,Final
2025-02-22 20:35:09,0022400808,2025-02-22 05:30 PM PST,DEN,100,LAL,123,Final
2025-02-22 20:35:09,0022400809,2025-02-22 06:30 PM PST,UTA,110,HOU,101,4th Qtr             
2025-02-22 20:35:09,0022400810,2025-02-22 07:00 PM PST,POR,87,CHA,53,3rd Qtr             
2025-02-22 20:35:20,0022400806,2025-02-22 02:00 PM PST,CHI,117,PHX,121,Final
2025-02-22 20:35:20,0022400807,2025-02-22 04:30 PM PST,PHI,103,BKN,105,Final
2025-02-22 20:35:20,0022400808,2025-02-22 05:30 PM PST,DEN,100,LAL,123,Final
2025-02-22 20:35:20,0022400809,2025-02-22 06:30 PM PST,UTA,110,HOU,104,4th Qtr             
2025-02-22 20:35:20,0022400810,2025-02-22 07:00 PM PST,POR,87,CHA,53,3rd Qtr             
2025-02-22 20:35:40,0022400809,2025-02-22 06:30 PM PST,UTA,110,HOU,104,Q4 5:13
2025-02-22 20:35:40,0022400810,2025-02-22 07:00 PM PST,POR,90,CHA,53,Q3 6:19
2025-02-22 20:35:40,0022400806,2025-02-22 02:00 PM PST,CHI,117,PHX,121,Final
2025-02-22 20:35:40,0022400807,2025-02-22 04:30 PM PST,PHI,103,BKN,105,Final
2025-02-22 20:35:40,0022400808,2025-02-22 05:30 PM PST,DEN,100,LAL,123,Final
2025-02-22 20:35:51,0022400806,2025-02-22 02:00 PM PST,CHI,117,PHX,121,Final
2025-02-22 20:35:51,0022400807,2025-02-22 04:30 PM PST,PHI,103,BKN,105,Final
2025-02-22 20:35:51,0022400808,2025-02-22 05:30 PM PST,DEN,100,LAL,123,Final
2025-02-22 20:35:51,0022400809,2025-02-22 06:30 PM PST,UTA,110,HOU,104,4th Qtr             
2025-02-22 20:35:51,0022400810,2025-02-22 07:00 PM PST,POR,90,CHA,53,3rd Qtr             
2025-02-22 20:36:10,0022400806,2025-02-22 02:00 PM PST,CHI,117,PHX,121,Final
2025-02-22 20:36:11,0022400807,2025-02-22 04:30 PM PST,PHI,103,BKN,105,Final
2025-02-22 20:36:11,0022400808,2025-02-22 05:30 PM PST,DEN,100,LAL,123,Final
2025-02-22 20:36:11,0022400809,2025-02-22 06:30 PM PST,UTA,112,HOU,104,4th Qtr             
2025-02-22 20:36:11,0022400810,2025-02-22 07:00 PM PST,POR,90,CHA,53,3rd Qtr             
2025-02-22 20:36:21,0022400806,2025-02-22 02:00 PM PST,CHI,117,PHX,121,Final
2025-02-22 20:36:22,0022400807,2025-02-22 04:30 PM PST,PHI,103,BKN,105,Final
2025-02-22 20:36:22,0022400808,2025-02-22 05:30 PM PST,DEN,100,LAL,123,Final
2025-02-22 20:36:22,0022400809,2025-02-22 06:30 PM PST,UTA,112,HOU,104,4th Qtr             
2025-02-22 20:36:22,0022400810,2025-02-22 07:00 PM PST,POR,90,CHA,53,3rd Qtr             
2025-02-22 20:36:41,0022400806,2025-02-22 02:00 PM PST,CHI,117,PHX,121,Final
2025-02-22 20:36:41,0022400807,2025-02-22 04:30 PM PST,PHI,103,BKN,105,Final
2025-02-22 20:36:41,0022400808,2025-02-22 05:30 PM PST,DEN,100,LAL,123,Final
2025-02-22 20:36:41,0022400809,2025-02-22 06:30 PM PST,UTA,112,HOU,104,4th Qtr             
2025-02-22 20:36:42,0022400810,2025-02-22 07:00 PM PST,POR,90,CHA,53,3rd Qtr             
2025-02-22 20:36:52,0022400806,2025-02-22 02:00 PM PST,CHI,117,PHX,121,Final
2025-02-22 20:36:52,0022400807,2025-02-22 04:30 PM PST,PHI,103,BKN,105,Final
2025-02-22 20:36:52,0022400808,2025-02-22 05:30 PM PST,DEN,100,LAL,123,Final
2025-02-22 20:36:53,0022400809,2025-02-22 06:30 PM PST,UTA,112,HOU,104,4th Qtr             
2025-02-22 20:36:53,0022400810,2025-02-22 07:00 PM PST,POR,90,CHA,53,3rd Qtr             
2025-02-22 20:37:12,0022400806,2025-02-22 02:00 PM PST,CHI,117,PHX,121,Final
2025-02-22 20:37:12,0022400807,2025-02-22 04:30 PM PST,PHI,103,BKN,105,Final
2025-02-22 20:37:12,0022400808,2025-02-22 05:30 PM PST,DEN,100,LAL,123,Final
2025-02-22 20:37:12,0022400809,2025-02-22 06:30 PM PST,UTA,112,HOU,104,4th Qtr             
2025-02-22 20:37:12,0022400810,2025-02-22 07:00 PM PST,POR,90,CHA,53,3rd Qtr             
2025-02-22 20:37:23,0022400806,2025-02-22 02:00 PM PST,CHI,117,PHX,121,Final
2025-02-22 20:37:23,0022400807,2025-02-22 04:30 PM PST,PHI,103,BKN,105,Final
2025-02-22 20:37:23,0022400808,2025-02-22 05:30 PM PST,DEN,100,LAL,123,Final
2025-02-22 20:37:23,0022400809,2025-02-22 06:30 PM PST,UTA,112,HOU,104,4th Qtr             
2025-02-22 20:37:23,0022400810,2025-02-22 07:00 PM PST,POR,90,CHA,54,3rd Qtr             
2025-02-22 20:37:42,0022400806,2025-02-22 02:00 PM PST,CHI,117,PHX,121,Final
2025-02-22 20:37:43,0022400807,2025-02-22 04:30 PM PST,PHI,103,BKN,105,Final
2025-02-22 20:37:43,0022400808,2025-02-22 05:30 PM PST,DEN,100,LAL,123,Final
2025-02-22 20:37:43,0022400809,2025-02-22 06:30 PM PST,UTA,112,HOU,104,4th Qtr             
2025-02-22 20:37:43,0022400810,2025-02-22 07:00 PM PST,POR,90,CHA,54,3rd Qtr             
2025-02-22 20:37:53,0022400806,2025-02-22 02:00 PM PST,CHI,117,PHX,121,Final
2025-02-22 20:37:54,0022400807,2025-02-22 04:30 PM PST,PHI,103,BKN,105,Final
2025-02-22 20:37:54,0022400808,2025-02-22 05:30 PM PST,DEN,100,LAL,123,Final
2025-02-22 20:37:54,0022400809,2025-02-22 06:30 PM PST,UTA,112,HOU,104,4th Qtr             
2025-02-22 20:37:54,0022400810,2025-02-22 07:00 PM PST,POR,90,CHA,55,3rd Qtr             
2025-02-22 20:38:13,0022400806,2025-02-22 02:00 PM PST,CHI,117,PHX,121,Final
2025-02-22 20:38:13,0022400807,2025-02-22 04:30 PM PST,PHI,103,BKN,105,Final
2025-02-22 20:38:13,0022400808,2025-02-22 05:30 PM PST,DEN,100,LAL,123,Final
2025-02-22 20:38:13,0022400809,2025-02-22 06:30 PM PST,UTA,112,HOU,104,4th Qtr             
2025-02-22 20:38:14,0022400810,2025-02-22 07:00 PM PST,POR,92,CHA,55,3rd Qtr             
2025-02-22 20:38:24,0022400806,2025-02-22 02:00 PM PST,CHI,117,PHX,121,Final
2025-02-22 20:38:24,0022400807,2025-02-22 04:30 PM PST,PHI,103,BKN,105,Final
2025-02-22 20:38:24,0022400808,2025-02-22 05:30 PM PST,DEN,100,LAL,123,Final
2025-02-22 20:38:25,0022400809,2025-02-22 06:30 PM PST,UTA,112,HOU,104,4th Qtr             
2025-02-22 20:38:25,0022400810,2025-02-22 07:00 PM PST,POR,92,CHA,55,3rd Qtr             
2025-02-22 20:38:44,0022400806,2025-02-22 02:00 PM PST,CHI,117,PHX,121,Final
2025-02-22 20:38:44,0022400807,2025-02-22 04:30 PM PST,PHI,103,BKN,105,Final
2025-02-22 20:38:44,0022400808,2025-02-22 05:30 PM PST,DEN,100,LAL,123,Final
2025-02-22 20:38:44,0022400809,2025-02-22 06:30 PM PST,UTA,112,HOU,104,4th Qtr             
2025-02-22 20:38:44,0022400810,2025-02-22 07:00 PM PST,POR,95,CHA,55,3rd Qtr             
2025-02-22 20:38:55,0022400806,2025-02-22 02:00 PM PST,CHI,117,PHX,121,Final
2025-02-22 20:38:55,0022400807,2025-02-22 04:30 PM PST,PHI,103,BKN,105,Final
2025-02-22 20:38:55,0022400808,2025-02-22 05:30 PM PST,DEN,100,LAL,123,Final
2025-02-22 20:38:55,0022400809,2025-02-22 06:30 PM PST,UTA,112,HOU,104,4th Qtr             
2025-02-22 20:38:55,0022400810,2025-02-22 07:00 PM PST,POR,95,CHA,57,3rd Qtr             
2025-02-22 20:39:14,0022400806,2025-02-22 02:00 PM PST,CHI,117,PHX,121,Final
2025-02-22 20:39:15,0022400807,2025-02-22 04:30 PM PST,PHI,103,BKN,105,Final
2025-02-22 20:39:15,0022400808,2025-02-22 05:30 PM PST,DEN,100,LAL,123,Final
2025-02-22 20:39:15,0022400809,2025-02-22 06:30 PM PST,UTA,112,HOU,104,4th Qtr             
2025-02-22 20:39:15,0022400810,2025-02-22 07:00 PM PST,POR,98,CHA,57,3rd Qtr             
2025-02-22 20:39:26,0022400806,2025-02-22 02:00 PM PST,CHI,117,PHX,121,Final
2025-02-22 20:39:26,0022400807,2025-02-22 04:30 PM PST,PHI,103,BKN,105,Final
2025-02-22 20:39:26,0022400808,2025-02-22 05:30 PM PST,DEN,100,LAL,123,Final
2025-02-22 20:39:26,0022400809,2025-02-22 06:30 PM PST,UTA,112,HOU,104,4th Qtr             
2025-02-22 20:39:26,0022400810,2025-02-22 07:00 PM PST,POR,98,CHA,57,3rd Qtr             
2025-02-22 20:39:45,0022400806,2025-02-22 02:00 PM PST,CHI,117,PHX,121,Final
2025-02-22 20:39:45,0022400807,2025-02-22 04:30 PM PST,PHI,103,BKN,105,Final
2025-02-22 20:39:45,0022400808,2025-02-22 05:30 PM PST,DEN,100,LAL,123,Final
2025-02-22 20:39:45,0022400809,2025-02-22 06:30 PM PST,UTA,112,HOU,104,4th Qtr             
2025-02-22 20:39:46,0022400810,2025-02-22 07:00 PM PST,POR,101,CHA,57,3rd Qtr             
2025-02-22 20:39:56,0022400806,2025-02-22 02:00 PM PST,CHI,117,PHX,121,Final
2025-02-22 20:39:57,0022400807,2025-02-22 04:30 PM PST,PHI,103,BKN,105,Final
2025-02-22 20:39:57,0022400808,2025-02-22 05:30 PM PST,DEN,100,LAL,123,Final
2025-02-22 20:39:57,0022400809,2025-02-22 06:30 PM PST,UTA,112,HOU,107,4th Qtr             
2025-02-22 20:39:57,0022400810,2025-02-22 07:00 PM PST,POR,101,CHA,57,3rd Qtr             
2025-02-22 20:40:16,0022400806,2025-02-22 02:00 PM PST,CHI,117,PHX,121,Final
2025-02-22 20:40:16,0022400807,2025-02-22 04:30 PM PST,PHI,103,BKN,105,Final
2025-02-22 20:40:16,0022400808,2025-02-22 05:30 PM PST,DEN,100,LAL,123,Final
2025-02-22 20:40:16,0022400809,2025-02-22 06:30 PM PST,UTA,112,HOU,107,4th Qtr             
2025-02-22 20:40:16,0022400810,2025-02-22 07:00 PM PST,POR,101,CHA,57,3rd Qtr             
2025-02-22 20:40:27,0022400806,2025-02-22 02:00 PM PST,CHI,117,PHX,121,Final
2025-02-22 20:40:27,0022400807,2025-02-22 04:30 PM PST,PHI,103,BKN,105,Final
2025-02-22 20:40:27,0022400808,2025-02-22 05:30 PM PST,DEN,100,LAL,123,Final
2025-02-22 20:40:27,0022400809,2025-02-22 06:30 PM PST,UTA,115,HOU,107,4th Qtr             
2025-02-22 20:40:27,0022400810,2025-02-22 07:00 PM PST,POR,101,CHA,57,3rd Qtr             
2025-02-22 20:40:46,0022400806,2025-02-22 02:00 PM PST,CHI,117,PHX,121,Final
2025-02-22 20:40:47,0022400807,2025-02-22 04:30 PM PST,PHI,103,BKN,105,Final
2025-02-22 20:40:47,0022400808,2025-02-22 05:30 PM PST,DEN,100,LAL,123,Final
2025-02-22 20:40:47,0022400809,2025-02-22 06:30 PM PST,UTA,117,HOU,107,4th Qtr             
2025-02-22 20:40:47,0022400810,2025-02-22 07:00 PM PST,POR,101,CHA,57,3rd Qtr             
2025-02-22 20:40:58,0022400809,2025-02-22 06:30 PM PST,UTA,119,HOU,107,Q4 3:08
2025-02-22 20:40:58,0022400810,2025-02-22 07:00 PM PST,POR,101,CHA,57,Q3 3:30
2025-02-22 20:40:58,0022400806,2025-02-22 02:00 PM PST,CHI,117,PHX,121,Final
2025-02-22 20:40:58,0022400807,2025-02-22 04:30 PM PST,PHI,103,BKN,105,Final
2025-02-22 20:40:58,0022400808,2025-02-22 05:30 PM PST,DEN,100,LAL,123,Final
2025-02-22 20:41:17,0022400806,2025-02-22 02:00 PM PST,CHI,117,PHX,121,Final
2025-02-22 20:41:17,0022400807,2025-02-22 04:30 PM PST,PHI,103,BKN,105,Final
2025-02-22 20:41:17,0022400808,2025-02-22 05:30 PM PST,DEN,100,LAL,123,Final
2025-02-22 20:41:17,0022400809,2025-02-22 06:30 PM PST,UTA,119,HOU,107,4th Qtr             
2025-02-22 20:41:18,0022400810,2025-02-22 07:00 PM PST,POR,101,CHA,57,3rd Qtr             
2025-02-22 22:12:42,0022400806,2025-02-22 02:00 PM PST,CHI,117,PHX,121,Final
2025-02-22 22:12:42,0022400807,2025-02-22 04:30 PM PST,PHI,103,BKN,105,Final
2025-02-22 22:12:42,0022400808,2025-02-22 05:30 PM PST,DEN,100,LAL,123,Final
2025-02-22 22:12:42,0022400806,2025-02-22 02:00 PM PST,CHI,117,PHX,121,Final
2025-02-22 22:12:43,0022400809,2025-02-22 06:30 PM PST,UTA,124,HOU,115,Final
2025-02-22 22:12:43,0022400807,2025-02-22 04:30 PM PST,PHI,103,BKN,105,Final
2025-02-22 22:12:43,0022400810,2025-02-22 07:00 PM PST,POR,141,CHA,88,Final
2025-02-22 22:12:43,0022400808,2025-02-22 05:30 PM PST,DEN,100,LAL,123,Final
2025-02-22 22:12:43,0022400809,2025-02-22 06:30 PM PST,UTA,124,HOU,115,Final
2025-02-22 22:12:43,0022400810,2025-02-22 07:00 PM PST,POR,141,CHA,88,Final
2025-02-22 22:13:13,0022400806,2025-02-22 02:00 PM PST,CHI,117,PHX,121,Final
2025-02-22 22:13:13,0022400807,2025-02-22 04:30 PM PST,PHI,103,BKN,105,Final
2025-02-22 22:13:13,0022400808,2025-02-22 05:30 PM PST,DEN,100,LAL,123,Final
2025-02-22 22:13:13,0022400806,2025-02-22 02:00 PM PST,CHI,117,PHX,121,Final
2025-02-22 22:13:13,0022400809,2025-02-22 06:30 PM PST,UTA,124,HOU,115,Final
2025-02-22 22:13:13,0022400807,2025-02-22 04:30 PM PST,PHI,103,BKN,105,Final
2025-02-22 22:13:13,0022400810,2025-02-22 07:00 PM PST,POR,141,CHA,88,Final
2025-02-22 22:13:13,0022400808,2025-02-22 05:30 PM PST,DEN,100,LAL,123,Final
2025-02-22 22:13:14,0022400809,2025-02-22 06:30 PM PST,UTA,124,HOU,115,Final
2025-02-22 22:13:14,0022400810,2025-02-22 07:00 PM PST,POR,141,CHA,88,Final
2025-02-23 23:24:46,0022400811,2025-02-23 10:00 AM PST,BOS,118,NYK,105,Final
2025-02-23 23:24:46,0022400812,2025-02-23 12:30 PM PST,GSW,126,DAL,102,Final
2025-02-23 23:24:46,0022400813,2025-02-23 02:00 PM PST,IND,129,LAC,111,Final
2025-02-23 23:24:46,0022400814,2025-02-23 03:00 PM PST,ATL,143,DET,148,Final
2025-02-23 23:24:47,0022400815,2025-02-23 03:00 PM PST,ORL,110,WAS,90,Final
2025-02-23 23:24:47,0022400816,2025-02-23 03:00 PM PST,TOR,127,PHX,109,Final
2025-02-23 23:24:47,0022400817,2025-02-23 03:00 PM PST,MIL,120,MIA,113,Final
2025-02-23 23:24:47,0022400818,2025-02-23 04:00 PM PST,NOP,114,SAS,96,Final
2025-02-23 23:24:47,0022400819,2025-02-23 04:00 PM PST,CLE,129,MEM,123,Final
2025-02-23 23:24:47,0022400820,2025-02-23 06:30 PM PST,MIN,123,OKC,130,Final
2025-02-23 23:24:50,0022400811,2025-02-23 10:00 AM PST,BOS,118,NYK,105,Final
2025-02-23 23:24:50,0022400812,2025-02-23 12:30 PM PST,GSW,126,DAL,102,Final
2025-02-23 23:24:50,0022400813,2025-02-23 02:00 PM PST,IND,129,LAC,111,Final
2025-02-23 23:24:50,0022400814,2025-02-23 03:00 PM PST,ATL,143,DET,148,Final
2025-02-23 23:24:50,0022400815,2025-02-23 03:00 PM PST,ORL,110,WAS,90,Final
2025-02-23 23:24:50,0022400816,2025-02-23 03:00 PM PST,TOR,127,PHX,109,Final
2025-02-23 23:24:50,0022400817,2025-02-23 03:00 PM PST,MIL,120,MIA,113,Final
2025-02-23 23:24:50,0022400818,2025-02-23 04:00 PM PST,NOP,114,SAS,96,Final
2025-02-23 23:24:50,0022400819,2025-02-23 04:00 PM PST,CLE,129,MEM,123,Final
2025-02-23 23:24:50,0022400820,2025-02-23 06:30 PM PST,MIN,123,OKC,130,Final
2025-02-25 18:15:06,0022400833,2025-02-25 05:00 PM PST,NOP,49,SAS,51,Half
2025-02-25 18:15:06,0022400829,2025-02-25 04:00 PM PST,TOR,101,BOS,111,Q4 :12.5
2025-02-25 18:15:06,0022400831,2025-02-25 05:00 PM PST,HOU,57,MIL,59,Half
2025-02-25 18:15:06,0022400830,2025-02-25 04:30 PM PST,ORL,66,CLE,91,Q3 1:06
2025-02-25 18:15:06,0022400832,2025-02-25 05:00 PM PST,MEM,58,PHX,62,Half
2025-02-25 18:15:06,0022400834,2025-02-25 07:00 PM PST,GSW,0,CHA,0,10:00 pm PST
2025-02-25 18:15:06,0022400835,2025-02-25 07:00 PM PST,LAL,0,DAL,0,10:00 pm PST
2025-02-25 18:15:09,0022400833,2025-02-25 05:00 PM PST,NOP,49,SAS,51,Half
2025-02-25 18:15:09,0022400829,2025-02-25 04:00 PM PST,TOR,101,BOS,111,Q4 :12.5
2025-02-25 18:15:09,0022400831,2025-02-25 05:00 PM PST,HOU,57,MIL,59,Half
2025-02-25 18:15:09,0022400830,2025-02-25 04:30 PM PST,ORL,66,CLE,91,Q3 1:06
2025-02-25 18:15:09,0022400832,2025-02-25 05:00 PM PST,MEM,58,PHX,62,Half
2025-02-25 18:15:09,0022400834,2025-02-25 07:00 PM PST,GSW,0,CHA,0,10:00 pm PST
2025-02-25 18:15:09,0022400835,2025-02-25 07:00 PM PST,LAL,0,DAL,0,10:00 pm PST
2025-02-25 18:18:57,0022400829,2025-02-25 04:00 PM PST,TOR,101,BOS,111,Final               
2025-02-25 18:18:57,0022400830,2025-02-25 04:30 PM PST,ORL,66,CLE,92,End of 3rd Qtr      
2025-02-25 18:18:57,0022400831,2025-02-25 05:00 PM PST,HOU,57,MIL,59,Halftime            
2025-02-25 18:18:57,0022400832,2025-02-25 05:00 PM PST,MEM,63,PHX,62,3rd Qtr             
2025-02-25 18:18:57,0022400833,2025-02-25 05:00 PM PST,NOP,49,SAS,51,Halftime            
2025-02-25 18:18:57,0022400834,2025-02-25 07:00 PM PST,GSW,0,CHA,0,07:00 PM PST
2025-02-25 18:18:57,0022400835,2025-02-25 07:00 PM PST,LAL,0,DAL,0,07:00 PM PST
2025-02-25 18:24:40,0022400829,2025-02-25 04:00 PM PST,TOR,101,BOS,111,Final               
2025-02-25 18:24:40,0022400830,2025-02-25 04:30 PM PST,ORL,74,CLE,101,4th Qtr             
2025-02-25 18:24:40,0022400831,2025-02-25 05:00 PM PST,HOU,63,MIL,63,3rd Qtr             
2025-02-25 18:24:40,0022400832,2025-02-25 05:00 PM PST,MEM,73,PHX,77,3rd Qtr             
2025-02-25 18:24:40,0022400833,2025-02-25 05:00 PM PST,NOP,49,SAS,51,Halftime            
2025-02-25 18:24:40,0022400834,2025-02-25 07:00 PM PST,GSW,0,CHA,0,07:00 PM PST
2025-02-25 18:24:40,0022400835,2025-02-25 07:00 PM PST,LAL,0,DAL,0,07:00 PM PST
2025-02-25 18:24:58,0022400833,2025-02-25 05:00 PM PST,NOP,49,SAS,51,Half
2025-02-25 18:24:58,0022400831,2025-02-25 05:00 PM PST,HOU,63,MIL,63,Q3 8:39
2025-02-25 18:24:58,0022400830,2025-02-25 04:30 PM PST,ORL,74,CLE,101,Q4 9:00
2025-02-25 18:24:59,0022400832,2025-02-25 05:00 PM PST,MEM,73,PHX,77,Q3 7:06
2025-02-25 18:24:59,0022400829,2025-02-25 04:00 PM PST,TOR,101,BOS,111,Final               
2025-02-25 18:24:59,0022400834,2025-02-25 07:00 PM PST,GSW,0,CHA,0,07:00 PM PST
2025-02-25 18:24:59,0022400835,2025-02-25 07:00 PM PST,LAL,0,DAL,0,07:00 PM PST
2025-02-25 18:25:01,0022400833,2025-02-25 05:00 PM PST,NOP,49,SAS,51,Half
2025-02-25 18:25:01,0022400831,2025-02-25 05:00 PM PST,HOU,63,MIL,63,Q3 8:39
2025-02-25 18:25:01,0022400830,2025-02-25 04:30 PM PST,ORL,74,CLE,101,Q4 9:00
2025-02-25 18:25:01,0022400832,2025-02-25 05:00 PM PST,MEM,73,PHX,77,Q3 7:06
2025-02-25 18:25:01,0022400829,2025-02-25 04:00 PM PST,TOR,101,BOS,111,Final               
2025-02-25 18:25:01,0022400834,2025-02-25 07:00 PM PST,GSW,0,CHA,0,07:00 PM PST
2025-02-25 18:25:01,0022400835,2025-02-25 07:00 PM PST,LAL,0,DAL,0,07:00 PM PST
2025-02-25 18:33:54,0022400829,2025-02-25 04:00 PM PST,TOR,101,BOS,111,Final
2025-02-25 18:33:54,0022400830,2025-02-25 04:30 PM PST,ORL,76,CLE,108,4th Qtr             
2025-02-25 18:33:54,0022400831,2025-02-25 05:00 PM PST,HOU,78,MIL,70,3rd Qtr             
2025-02-25 18:33:54,0022400832,2025-02-25 05:00 PM PST,MEM,83,PHX,86,3rd Qtr             
2025-02-25 18:33:54,0022400833,2025-02-25 05:00 PM PST,NOP,60,SAS,65,3rd Qtr             
2025-02-25 18:33:54,0022400834,2025-02-25 07:00 PM PST,GSW,0,CHA,0,07:00 PM PST
2025-02-25 18:33:54,0022400835,2025-02-25 07:00 PM PST,LAL,0,DAL,0,07:00 PM PST
2025-02-25 18:34:09,0022400833,2025-02-25 05:00 PM PST,NOP,60,SAS,65,Q3 8:41
2025-02-25 18:34:09,0022400831,2025-02-25 05:00 PM PST,HOU,78,MIL,72,Q3 3:58
2025-02-25 18:34:09,0022400830,2025-02-25 04:30 PM PST,ORL,76,CLE,108,Q4 6:18
2025-02-25 18:34:09,0022400832,2025-02-25 05:00 PM PST,MEM,83,PHX,86,Q3 4:46
2025-02-25 18:34:09,0022400829,2025-02-25 04:00 PM PST,TOR,101,BOS,111,Final
2025-02-25 18:34:09,0022400834,2025-02-25 07:00 PM PST,GSW,0,CHA,0,07:00 PM PST
2025-02-25 18:34:10,0022400835,2025-02-25 07:00 PM PST,LAL,0,DAL,0,07:00 PM PST
2025-02-25 18:34:12,0022400833,2025-02-25 05:00 PM PST,NOP,60,SAS,65,Q3 8:41
2025-02-25 18:34:12,0022400831,2025-02-25 05:00 PM PST,HOU,78,MIL,72,Q3 3:49
2025-02-25 18:34:12,0022400830,2025-02-25 04:30 PM PST,ORL,76,CLE,108,Q4 6:18
2025-02-25 18:34:12,0022400832,2025-02-25 05:00 PM PST,MEM,83,PHX,86,Q3 4:46
2025-02-25 18:34:12,0022400829,2025-02-25 04:00 PM PST,TOR,101,BOS,111,Final
2025-02-25 18:34:12,0022400834,2025-02-25 07:00 PM PST,GSW,0,CHA,0,07:00 PM PST
2025-02-25 18:34:12,0022400835,2025-02-25 07:00 PM PST,LAL,0,DAL,0,07:00 PM PST
2025-02-25 19:21:46,0022400829,2025-02-25 04:00 PM PST,TOR,101,BOS,111,Final
2025-02-25 19:21:46,0022400830,2025-02-25 04:30 PM PST,ORL,82,CLE,122,Final
2025-02-25 19:21:46,0022400831,2025-02-25 05:00 PM PST,HOU,99,MIL,97,4th Qtr             
2025-02-25 19:21:46,0022400832,2025-02-25 05:00 PM PST,MEM,132,PHX,135,4th Qtr             
2025-02-25 19:21:46,0022400833,2025-02-25 05:00 PM PST,NOP,105,SAS,100,4th Qtr             
2025-02-25 19:21:46,0022400834,2025-02-25 07:00 PM PST,GSW,9,CHA,6,1st Qtr             
2025-02-25 19:21:46,0022400835,2025-02-25 07:00 PM PST,LAL,22,DAL,16,1st Qtr             
2025-02-25 19:21:48,0022400829,2025-02-25 04:00 PM PST,TOR,101,BOS,111,Final
2025-02-25 19:21:48,0022400830,2025-02-25 04:30 PM PST,ORL,82,CLE,122,Final
2025-02-25 19:21:48,0022400831,2025-02-25 05:00 PM PST,HOU,99,MIL,97,4th Qtr             
2025-02-25 19:21:48,0022400832,2025-02-25 05:00 PM PST,MEM,132,PHX,135,4th Qtr             
2025-02-25 19:21:49,0022400833,2025-02-25 05:00 PM PST,NOP,105,SAS,100,4th Qtr             
2025-02-25 19:21:49,0022400834,2025-02-25 07:00 PM PST,GSW,9,CHA,6,1st Qtr             
2025-02-25 19:21:49,0022400835,2025-02-25 07:00 PM PST,LAL,22,DAL,16,1st Qtr             
2025-02-25 19:25:44,0022400829,2025-02-25 04:00 PM PST,TOR,101,BOS,111,4th Qtr
2025-02-25 19:25:45,0022400830,2025-02-25 04:30 PM PST,ORL,82,CLE,122,4th Qtr
2025-02-25 19:25:45,0022400831,2025-02-25 05:00 PM PST,HOU,100,MIL,97,4th Qtr
2025-02-25 19:25:45,0022400832,2025-02-25 05:00 PM PST,MEM,135,PHX,136,4th Qtr
2025-02-25 19:25:45,0022400833,2025-02-25 05:00 PM PST,NOP,107,SAS,100,4th Qtr
2025-02-25 19:25:45,0022400834,2025-02-25 07:00 PM PST,GSW,14,CHA,14,1st Qtr
2025-02-25 19:25:45,0022400835,2025-02-25 07:00 PM PST,LAL,24,DAL,18,1st Qtr
2025-02-25 19:27:54,0022400835,2025-02-25 07:00 PM PST,LAL,25,DAL,20,1st Qtr - Unknown left
2025-02-25 19:27:54,0022400833,2025-02-25 05:00 PM PST,NOP,107,SAS,103,4th Qtr - Unknown left
2025-02-25 19:27:54,0022400834,2025-02-25 07:00 PM PST,GSW,22,CHA,16,1st Qtr - Unknown left
2025-02-25 19:27:54,0022400832,2025-02-25 05:00 PM PST,MEM,135,PHX,137,4th Qtr - Unknown left
2025-02-25 19:27:55,0022400829,2025-02-25 04:00 PM PST,TOR,101,BOS,111,4th Qtr - Unknown left
2025-02-25 19:27:55,0022400830,2025-02-25 04:30 PM PST,ORL,82,CLE,122,4th Qtr - Unknown left
2025-02-25 19:27:55,0022400831,2025-02-25 05:00 PM PST,HOU,100,MIL,97,4th Qtr - Unknown left
2025-03-04 11:19:51,0022400882,2025-03-04 04:00 PM PST,IND,0,HOU,0,7:00 pm PST
2025-03-04 11:19:51,0022400883,2025-03-04 04:00 PM PST,ORL,0,TOR,0,7:00 pm PST
2025-03-04 11:19:51,0022400884,2025-03-04 04:30 PM PST,ATL,0,MIL,0,7:30 pm PST
2025-03-04 11:19:51,0022400885,2025-03-04 04:30 PM PST,NYK,0,GSW,0,7:30 pm PST
2025-03-04 11:19:51,0022400886,2025-03-04 05:00 PM PST,CHI,0,CLE,0,8:00 pm PST
2025-03-04 11:19:51,0022400887,2025-03-04 05:00 PM PST,MIN,0,PHI,0,8:00 pm PST
2025-03-04 11:19:51,0022400888,2025-03-04 05:30 PM PST,SAS,0,BKN,0,8:30 pm PST
2025-03-04 11:19:51,0022400889,2025-03-04 07:00 PM PST,PHX,0,LAC,0,10:00 pm PST
2025-03-04 11:19:51,0022400890,2025-03-04 07:30 PM PST,LAL,0,NOP,0,10:30 pm PST
2025-03-04 11:19:56,0022400882,2025-03-04 04:00 PM PST,IND,0,HOU,0,7:00 pm PST
2025-03-04 11:19:57,0022400883,2025-03-04 04:00 PM PST,ORL,0,TOR,0,7:00 pm PST
2025-03-04 11:19:57,0022400884,2025-03-04 04:30 PM PST,ATL,0,MIL,0,7:30 pm PST
2025-03-04 11:19:57,0022400885,2025-03-04 04:30 PM PST,NYK,0,GSW,0,7:30 pm PST
2025-03-04 11:19:57,0022400886,2025-03-04 05:00 PM PST,CHI,0,CLE,0,8:00 pm PST
2025-03-04 11:19:57,0022400887,2025-03-04 05:00 PM PST,MIN,0,PHI,0,8:00 pm PST
2025-03-04 11:19:57,0022400888,2025-03-04 05:30 PM PST,SAS,0,BKN,0,8:30 pm PST
2025-03-04 11:19:57,0022400889,2025-03-04 07:00 PM PST,PHX,0,LAC,0,10:00 pm PST
2025-03-04 11:19:57,0022400890,2025-03-04 07:30 PM PST,LAL,0,NOP,0,10:30 pm PST
2025-03-04 12:45:44,0022400882,2025-03-04 04:00 PM PST,IND,0,HOU,0,7:00 pm PST
2025-03-04 12:45:44,0022400883,2025-03-04 04:00 PM PST,ORL,0,TOR,0,7:00 pm PST
2025-03-04 12:45:44,0022400884,2025-03-04 04:30 PM PST,ATL,0,MIL,0,7:30 pm PST
2025-03-04 12:45:44,0022400885,2025-03-04 04:30 PM PST,NYK,0,GSW,0,7:30 pm PST
2025-03-04 12:45:44,0022400886,2025-03-04 05:00 PM PST,CHI,0,CLE,0,8:00 pm PST
2025-03-04 12:45:44,0022400887,2025-03-04 05:00 PM PST,MIN,0,PHI,0,8:00 pm PST
2025-03-04 12:45:44,0022400888,2025-03-04 05:30 PM PST,SAS,0,BKN,0,8:30 pm PST
2025-03-04 12:45:45,0022400889,2025-03-04 07:00 PM PST,PHX,0,LAC,0,10:00 pm PST
2025-03-04 12:45:45,0022400890,2025-03-04 07:30 PM PST,LAL,0,NOP,0,10:30 pm PST
2025-03-04 12:45:46,0022400882,2025-03-04 04:00 PM PST,IND,0,HOU,0,7:00 pm PST
2025-03-04 12:45:47,0022400883,2025-03-04 04:00 PM PST,ORL,0,TOR,0,7:00 pm PST
2025-03-04 12:45:47,0022400884,2025-03-04 04:30 PM PST,ATL,0,MIL,0,7:30 pm PST
2025-03-04 12:45:47,0022400885,2025-03-04 04:30 PM PST,NYK,0,GSW,0,7:30 pm PST
2025-03-04 12:45:47,0022400886,2025-03-04 05:00 PM PST,CHI,0,CLE,0,8:00 pm PST
2025-03-04 12:45:47,0022400887,2025-03-04 05:00 PM PST,MIN,0,PHI,0,8:00 pm PST
2025-03-04 12:45:47,0022400888,2025-03-04 05:30 PM PST,SAS,0,BKN,0,8:30 pm PST
2025-03-04 12:45:47,0022400889,2025-03-04 07:00 PM PST,PHX,0,LAC,0,10:00 pm PST
2025-03-04 12:45:47,0022400890,2025-03-04 07:30 PM PST,LAL,0,NOP,0,10:30 pm PST
2025-03-04 12:49:01,0022400882,2025-03-04 04:00 PM PST,IND,0,HOU,0,7:00 pm PST
2025-03-04 12:49:01,0022400883,2025-03-04 04:00 PM PST,ORL,0,TOR,0,7:00 pm PST
2025-03-04 12:49:01,0022400884,2025-03-04 04:30 PM PST,ATL,0,MIL,0,7:30 pm PST
2025-03-04 12:49:01,0022400885,2025-03-04 04:30 PM PST,NYK,0,GSW,0,7:30 pm PST
2025-03-04 12:49:01,0022400886,2025-03-04 05:00 PM PST,CHI,0,CLE,0,8:00 pm PST
2025-03-04 12:49:01,0022400887,2025-03-04 05:00 PM PST,MIN,0,PHI,0,8:00 pm PST
2025-03-04 12:49:01,0022400888,2025-03-04 05:30 PM PST,SAS,0,BKN,0,8:30 pm PST
2025-03-04 12:49:01,0022400889,2025-03-04 07:00 PM PST,PHX,0,LAC,0,10:00 pm PST
2025-03-04 12:49:02,0022400890,2025-03-04 07:30 PM PST,LAL,0,NOP,0,10:30 pm PST
2025-03-04 12:49:04,0022400882,2025-03-04 04:00 PM PST,IND,0,HOU,0,7:00 pm PST
2025-03-04 12:49:05,0022400883,2025-03-04 04:00 PM PST,ORL,0,TOR,0,7:00 pm PST
2025-03-04 12:49:05,0022400884,2025-03-04 04:30 PM PST,ATL,0,MIL,0,7:30 pm PST
2025-03-04 12:49:05,0022400885,2025-03-04 04:30 PM PST,NYK,0,GSW,0,7:30 pm PST
2025-03-04 12:49:05,0022400886,2025-03-04 05:00 PM PST,CHI,0,CLE,0,8:00 pm PST
2025-03-04 12:49:05,0022400887,2025-03-04 05:00 PM PST,MIN,0,PHI,0,8:00 pm PST
2025-03-04 12:49:05,0022400888,2025-03-04 05:30 PM PST,SAS,0,BKN,0,8:30 pm PST
2025-03-04 12:49:05,0022400889,2025-03-04 07:00 PM PST,PHX,0,LAC,0,10:00 pm PST
2025-03-04 12:49:05,0022400890,2025-03-04 07:30 PM PST,LAL,0,NOP,0,10:30 pm PST
2025-03-04 19:38:57,0022400889,2025-03-04 07:00 PM PST,PHX,30,LAC,24,END Q1
2025-03-04 19:38:57,0022400888,2025-03-04 05:30 PM PST,SAS,119,BKN,105,Q4 4:21
2025-03-04 19:38:57,0022400886,2025-03-04 05:00 PM PST,CHI,117,CLE,139,Final
2025-03-04 19:38:57,0022400882,2025-03-04 04:00 PM PST,IND,115,HOU,102,Final
2025-03-04 19:38:57,0022400883,2025-03-04 04:00 PM PST,ORL,113,TOR,114,Final
2025-03-04 19:38:57,0022400884,2025-03-04 04:30 PM PST,ATL,121,MIL,127,Final
2025-03-04 19:38:57,0022400885,2025-03-04 04:30 PM PST,NYK,102,GSW,114,Final
2025-03-04 19:38:57,0022400887,2025-03-04 05:00 PM PST,MIN,126,PHI,112,Final
2025-03-04 19:38:57,0022400890,2025-03-04 07:30 PM PST,LAL,0,NOP,0,10:30 pm PST
2025-03-04 19:44:07,0022400889,2025-03-04 07:00 PM PST,PHX,30,LAC,28,Q2 10:23
2025-03-04 19:44:07,0022400888,2025-03-04 05:30 PM PST,SAS,127,BKN,110,Q4 1:34
2025-03-04 19:44:07,0022400890,2025-03-04 07:30 PM PST,LAL,6,NOP,2,Q1 10:17
2025-03-04 19:44:07,0022400886,2025-03-04 05:00 PM PST,CHI,117,CLE,139,Final
2025-03-04 19:44:07,0022400882,2025-03-04 04:00 PM PST,IND,115,HOU,102,Final
2025-03-04 19:44:07,0022400883,2025-03-04 04:00 PM PST,ORL,113,TOR,114,Final
2025-03-04 19:44:07,0022400884,2025-03-04 04:30 PM PST,ATL,121,MIL,127,Final
2025-03-04 19:44:07,0022400885,2025-03-04 04:30 PM PST,NYK,102,GSW,114,Final
2025-03-04 19:44:07,0022400887,2025-03-04 05:00 PM PST,MIN,126,PHI,112,Final
2025-03-04 19:44:28,0022400889,2025-03-04 07:00 PM PST,PHX,30,LAC,30,Q2 10:02
2025-03-04 19:44:28,0022400888,2025-03-04 05:30 PM PST,SAS,127,BKN,110,Q4 1:34
2025-03-04 19:44:28,0022400890,2025-03-04 07:30 PM PST,LAL,8,NOP,2,Q1 10:08
2025-03-04 19:44:29,0022400882,2025-03-04 04:00 PM PST,IND,115,HOU,102,Final
2025-03-04 19:44:29,0022400883,2025-03-04 04:00 PM PST,ORL,113,TOR,114,Final
2025-03-04 19:44:29,0022400884,2025-03-04 04:30 PM PST,ATL,121,MIL,127,Final
2025-03-04 19:44:29,0022400885,2025-03-04 04:30 PM PST,NYK,102,GSW,114,Final
2025-03-04 19:44:29,0022400886,2025-03-04 05:00 PM PST,CHI,117,CLE,139,Final
2025-03-04 19:44:29,0022400887,2025-03-04 05:00 PM PST,MIN,126,PHI,112,Final
2025-03-04 19:44:37,0022400889,2025-03-04 07:00 PM PST,PHX,30,LAC,30,Q2 9:48
2025-03-04 19:44:37,0022400888,2025-03-04 05:30 PM PST,SAS,127,BKN,113,Q4 1:20
2025-03-04 19:44:37,0022400890,2025-03-04 07:30 PM PST,LAL,8,NOP,4,Q1 9:45
2025-03-04 19:44:37,0022400882,2025-03-04 04:00 PM PST,IND,115,HOU,102,Final
2025-03-04 19:44:37,0022400883,2025-03-04 04:00 PM PST,ORL,113,TOR,114,Final
2025-03-04 19:44:37,0022400884,2025-03-04 04:30 PM PST,ATL,121,MIL,127,Final
2025-03-04 19:44:38,0022400885,2025-03-04 04:30 PM PST,NYK,102,GSW,114,Final
2025-03-04 19:44:38,0022400886,2025-03-04 05:00 PM PST,CHI,117,CLE,139,Final
2025-03-04 19:44:38,0022400887,2025-03-04 05:00 PM PST,MIN,126,PHI,112,Final
2025-03-04 19:44:57,0022400889,2025-03-04 07:00 PM PST,PHX,30,LAC,30,Q2 9:48
2025-03-04 19:44:57,0022400888,2025-03-04 05:30 PM PST,SAS,127,BKN,113,Q4 :58.6
2025-03-04 19:44:57,0022400890,2025-03-04 07:30 PM PST,LAL,8,NOP,4,Q1 9:30
2025-03-04 19:44:57,0022400882,2025-03-04 04:00 PM PST,IND,115,HOU,102,Final
2025-03-04 19:44:57,0022400883,2025-03-04 04:00 PM PST,ORL,113,TOR,114,Final
2025-03-04 19:44:57,0022400884,2025-03-04 04:30 PM PST,ATL,121,MIL,127,Final
2025-03-04 19:44:57,0022400885,2025-03-04 04:30 PM PST,NYK,102,GSW,114,Final
2025-03-04 19:44:57,0022400886,2025-03-04 05:00 PM PST,CHI,117,CLE,139,Final
2025-03-04 19:44:58,0022400887,2025-03-04 05:00 PM PST,MIN,126,PHI,112,Final
2025-03-04 19:45:02,0022400889,2025-03-04 07:00 PM PST,PHX,31,LAC,30,Q2 9:48
2025-03-04 19:45:02,0022400888,2025-03-04 05:30 PM PST,SAS,127,BKN,113,Q4 :50.3
2025-03-04 19:45:02,0022400890,2025-03-04 07:30 PM PST,LAL,10,NOP,4,Q1 9:14
2025-03-04 19:45:02,0022400882,2025-03-04 04:00 PM PST,IND,115,HOU,102,Final
2025-03-04 19:45:02,0022400883,2025-03-04 04:00 PM PST,ORL,113,TOR,114,Final
2025-03-04 19:45:02,0022400884,2025-03-04 04:30 PM PST,ATL,121,MIL,127,Final
2025-03-04 19:45:02,0022400885,2025-03-04 04:30 PM PST,NYK,102,GSW,114,Final
2025-03-04 19:45:02,0022400886,2025-03-04 05:00 PM PST,CHI,117,CLE,139,Final
2025-03-04 19:45:02,0022400887,2025-03-04 05:00 PM PST,MIN,126,PHI,112,Final
2025-03-04 19:52:31,0022400882,2025-03-04 04:00 PM PST,IND,115,HOU,102,Final
2025-03-04 19:52:31,0022400883,2025-03-04 04:00 PM PST,ORL,113,TOR,114,Final
2025-03-04 19:52:31,0022400884,2025-03-04 04:30 PM PST,ATL,121,MIL,127,Final
2025-03-04 19:52:31,0022400885,2025-03-04 04:30 PM PST,NYK,102,GSW,114,Final
2025-03-04 19:52:31,0022400886,2025-03-04 05:00 PM PST,CHI,117,CLE,139,Final
2025-03-04 19:52:31,0022400887,2025-03-04 05:00 PM PST,MIN,126,PHI,112,Final
2025-03-04 19:52:31,0022400888,2025-03-04 05:30 PM PST,SAS,122,BKN,105,4th Qtr             
2025-03-04 19:52:31,0022400889,2025-03-04 07:00 PM PST,PHX,30,LAC,24,End of 1st Qtr      
2025-03-04 19:52:31,0022400890,2025-03-04 07:30 PM PST,LAL,0,NOP,0,10:30 pm PST
2025-03-04 19:52:34,0022400882,2025-03-04 04:00 PM PST,IND,115,HOU,102,Final
2025-03-04 19:52:34,0022400883,2025-03-04 04:00 PM PST,ORL,113,TOR,114,Final
2025-03-04 19:52:34,0022400884,2025-03-04 04:30 PM PST,ATL,121,MIL,127,Final
2025-03-04 19:52:34,0022400885,2025-03-04 04:30 PM PST,NYK,102,GSW,114,Final
2025-03-04 19:52:34,0022400886,2025-03-04 05:00 PM PST,CHI,117,CLE,139,Final
2025-03-04 19:52:34,0022400887,2025-03-04 05:00 PM PST,MIN,126,PHI,112,Final
2025-03-04 19:52:34,0022400888,2025-03-04 05:30 PM PST,SAS,122,BKN,105,4th Qtr             
2025-03-04 19:52:34,0022400889,2025-03-04 07:00 PM PST,PHX,30,LAC,24,End of 1st Qtr      
2025-03-04 19:52:34,0022400890,2025-03-04 07:30 PM PST,LAL,0,NOP,0,10:30 pm PST
2025-03-04 19:54:41,0022400882,2025-03-04 04:00 PM PST,IND,115,HOU,102,Final
2025-03-04 19:54:41,0022400883,2025-03-04 04:00 PM PST,ORL,113,TOR,114,Final
2025-03-04 19:54:41,0022400884,2025-03-04 04:30 PM PST,ATL,121,MIL,127,Final
2025-03-04 19:54:41,0022400885,2025-03-04 04:30 PM PST,NYK,102,GSW,114,Final
2025-03-04 19:54:41,0022400886,2025-03-04 05:00 PM PST,CHI,117,CLE,139,Final
2025-03-04 19:54:41,0022400887,2025-03-04 05:00 PM PST,MIN,126,PHI,112,Final
2025-03-04 19:54:41,0022400888,2025-03-04 05:30 PM PST,SAS,127,BKN,113,Final               
2025-03-04 19:54:41,0022400889,2025-03-04 07:00 PM PST,PHX,33,LAC,34,2nd Qtr             
2025-03-04 19:54:41,0022400890,2025-03-04 07:30 PM PST,LAL,13,NOP,13,1st Qtr             
2025-03-04 19:55:12,0022400882,2025-03-04 04:00 PM PST,IND,115,HOU,102,Final
2025-03-04 19:55:12,0022400883,2025-03-04 04:00 PM PST,ORL,113,TOR,114,Final
2025-03-04 19:55:12,0022400884,2025-03-04 04:30 PM PST,ATL,121,MIL,127,Final
2025-03-04 19:55:12,0022400885,2025-03-04 04:30 PM PST,NYK,102,GSW,114,Final
2025-03-04 19:55:12,0022400886,2025-03-04 05:00 PM PST,CHI,117,CLE,139,Final
2025-03-04 19:55:12,0022400887,2025-03-04 05:00 PM PST,MIN,126,PHI,112,Final
2025-03-04 19:55:13,0022400888,2025-03-04 05:30 PM PST,SAS,127,BKN,113,Final               
2025-03-04 19:55:13,0022400889,2025-03-04 07:00 PM PST,PHX,33,LAC,34,2nd Qtr             
2025-03-04 19:55:13,0022400890,2025-03-04 07:30 PM PST,LAL,13,NOP,13,1st Qtr             
2025-03-04 19:57:32,0022400882,2025-03-04 04:00 PM PST,IND,115,HOU,102,Final
2025-03-04 19:57:32,0022400883,2025-03-04 04:00 PM PST,ORL,113,TOR,114,Final
2025-03-04 19:57:32,0022400884,2025-03-04 04:30 PM PST,ATL,121,MIL,127,Final
2025-03-04 19:57:32,0022400885,2025-03-04 04:30 PM PST,NYK,102,GSW,114,Final
2025-03-04 19:57:32,0022400886,2025-03-04 05:00 PM PST,CHI,117,CLE,139,Final
2025-03-04 19:57:32,0022400887,2025-03-04 05:00 PM PST,MIN,126,PHI,112,Final
2025-03-04 19:57:32,0022400888,2025-03-04 05:30 PM PST,SAS,127,BKN,113,Final               
2025-03-04 19:57:32,0022400889,2025-03-04 07:00 PM PST,PHX,33,LAC,34,2nd Qtr             
2025-03-04 19:57:33,0022400890,2025-03-04 07:30 PM PST,LAL,13,NOP,13,1st Qtr             
2025-03-04 19:58:04,0022400882,2025-03-04 04:00 PM PST,IND,115,HOU,102,Final
2025-03-04 19:58:04,0022400883,2025-03-04 04:00 PM PST,ORL,113,TOR,114,Final
2025-03-04 19:58:04,0022400884,2025-03-04 04:30 PM PST,ATL,121,MIL,127,Final
2025-03-04 19:58:04,0022400885,2025-03-04 04:30 PM PST,NYK,102,GSW,114,Final
2025-03-04 19:58:04,0022400886,2025-03-04 05:00 PM PST,CHI,117,CLE,139,Final
2025-03-04 19:58:04,0022400887,2025-03-04 05:00 PM PST,MIN,126,PHI,112,Final
2025-03-04 19:58:04,0022400888,2025-03-04 05:30 PM PST,SAS,127,BKN,113,Final               
2025-03-04 19:58:04,0022400889,2025-03-04 07:00 PM PST,PHX,33,LAC,34,2nd Qtr             
2025-03-04 19:58:04,0022400890,2025-03-04 07:30 PM PST,LAL,13,NOP,13,1st Qtr             
2025-03-04 19:58:32,0022400882,2025-03-04 04:00 PM PST,IND,115,HOU,102,Final
2025-03-04 19:58:32,0022400883,2025-03-04 04:00 PM PST,ORL,113,TOR,114,Final
2025-03-04 19:58:32,0022400884,2025-03-04 04:30 PM PST,ATL,121,MIL,127,Final
2025-03-04 19:58:32,0022400885,2025-03-04 04:30 PM PST,NYK,102,GSW,114,Final
2025-03-04 19:58:32,0022400886,2025-03-04 05:00 PM PST,CHI,117,CLE,139,Final
2025-03-04 19:58:32,0022400887,2025-03-04 05:00 PM PST,MIN,126,PHI,112,Final
2025-03-04 19:58:32,0022400888,2025-03-04 05:30 PM PST,SAS,127,BKN,113,Final               
2025-03-04 19:58:32,0022400889,2025-03-04 07:00 PM PST,PHX,33,LAC,34,2nd Qtr             
2025-03-04 19:58:33,0022400890,2025-03-04 07:30 PM PST,LAL,13,NOP,13,1st Qtr             
2025-03-04 20:01:37,0022400882,2025-03-04 04:00 PM PST,IND,115,HOU,102,Final
2025-03-04 20:01:37,0022400883,2025-03-04 04:00 PM PST,ORL,113,TOR,114,Final
2025-03-04 20:01:37,0022400884,2025-03-04 04:30 PM PST,ATL,121,MIL,127,Final
2025-03-04 20:01:37,0022400885,2025-03-04 04:30 PM PST,NYK,102,GSW,114,Final
2025-03-04 20:01:37,0022400886,2025-03-04 05:00 PM PST,CHI,117,CLE,139,Final
2025-03-04 20:01:37,0022400887,2025-03-04 05:00 PM PST,MIN,126,PHI,112,Final
2025-03-04 20:01:37,0022400888,2025-03-04 05:30 PM PST,SAS,127,BKN,113,Final               
2025-03-04 20:01:38,0022400889,2025-03-04 07:00 PM PST,PHX,33,LAC,34,2nd Qtr             
2025-03-04 20:01:38,0022400890,2025-03-04 07:30 PM PST,LAL,13,NOP,13,1st Qtr             
2025-03-04 20:01:40,0022400882,2025-03-04 04:00 PM PST,IND,115,HOU,102,Final
2025-03-04 20:01:40,0022400883,2025-03-04 04:00 PM PST,ORL,113,TOR,114,Final
2025-03-04 20:01:40,0022400884,2025-03-04 04:30 PM PST,ATL,121,MIL,127,Final
2025-03-04 20:01:40,0022400885,2025-03-04 04:30 PM PST,NYK,102,GSW,114,Final
2025-03-04 20:01:40,0022400886,2025-03-04 05:00 PM PST,CHI,117,CLE,139,Final
2025-03-04 20:01:40,0022400887,2025-03-04 05:00 PM PST,MIN,126,PHI,112,Final
2025-03-04 20:01:40,0022400888,2025-03-04 05:30 PM PST,SAS,127,BKN,113,Final               
2025-03-04 20:01:40,0022400889,2025-03-04 07:00 PM PST,PHX,33,LAC,34,2nd Qtr             
2025-03-04 20:01:40,0022400890,2025-03-04 07:30 PM PST,LAL,13,NOP,13,1st Qtr             
2025-03-08 17:53:08,0022400912,2025-03-08 03:00 PM PST,CHA,105,BKN,102,Final,4,,Unknown,Unknown,Unknown,0,N/A
2025-03-08 17:53:08,0022400913,2025-03-08 04:00 PM PST,HOU,98,NOP,79,3rd Qtr             ,3,PT03M38.00S,Unknown,Unknown,Unknown,0,N/A
2025-03-08 17:53:08,0022400914,2025-03-08 04:30 PM PST,ATL,69,IND,52,Halftime            ,2,PT00M00.00S,Unknown,Unknown,Unknown,0,N/A
2025-03-08 17:53:08,0022400915,2025-03-08 04:30 PM PST,TOR,65,WAS,60,2nd Qtr             ,2,PT02M22.00S,Unknown,Unknown,Unknown,0,N/A
2025-03-08 17:53:08,0022400916,2025-03-08 05:00 PM PST,MIA,36,CHI,24,End of 1st Qtr      ,1,PT00M00.00S,Unknown,Unknown,Unknown,0,N/A
2025-03-08 17:53:08,0022400917,2025-03-08 05:00 PM PST,MIL,20,ORL,34,Start of 2nd Qtr    ,2,PT12M000.00S,Unknown,Unknown,Unknown,0,N/A
2025-03-08 17:53:08,0022400918,2025-03-08 05:30 PM PST,BOS,0,LAL,0,8:30 pm PST,0,,Unknown,Unknown,Unknown,0,N/A
2025-03-08 17:53:08,0022400919,2025-03-08 05:30 PM PST,GSW,0,DET,0,8:30 pm PST,0,,Unknown,Unknown,Unknown,0,N/A
2025-03-08 17:53:24,0022400913,2025-03-08 04:00 PM PST,HOU,117,NOP,87,Q4 9:22,4,PT09M22.00S,Unknown,Unknown,Unknown,0,N/A
2025-03-08 17:53:24,0022400914,2025-03-08 04:30 PM PST,ATL,69,IND,52,Q3 12:00,3,PT12M00.00S,Unknown,Unknown,Unknown,0,N/A
2025-03-08 17:53:24,0022400915,2025-03-08 04:30 PM PST,TOR,65,WAS,69,Half,2,PT00M00.00S,Unknown,Unknown,Unknown,0,N/A
2025-03-08 17:53:25,0022400916,2025-03-08 05:00 PM PST,MIA,46,CHI,31,Q2 8:24,2,PT08M24.00S,Unknown,Unknown,Unknown,0,N/A
2025-03-08 17:53:25,0022400917,2025-03-08 05:00 PM PST,MIL,37,ORL,44,Q2 6:06,2,PT06M06.00S,Unknown,Unknown,Unknown,0,N/A
2025-03-08 17:53:25,0022400918,2025-03-08 05:30 PM PST,BOS,17,LAL,23,Q1 4:50,1,PT04M50.00S,Unknown,Unknown,Unknown,0,N/A
2025-03-08 17:53:25,0022400919,2025-03-08 05:30 PM PST,GSW,9,DET,8,Q1 5:45,1,PT05M45.00S,Unknown,Unknown,Unknown,0,N/A
2025-03-08 17:53:25,0022400912,2025-03-08 03:00 PM PST,CHA,105,BKN,102,Final,4,,Unknown,Unknown,Unknown,0,N/A
2025-03-08 17:53:27,0022400913,2025-03-08 04:00 PM PST,HOU,117,NOP,87,Q4 9:22,4,PT09M22.00S,Unknown,Unknown,Unknown,0,N/A
2025-03-08 17:53:27,0022400914,2025-03-08 04:30 PM PST,ATL,69,IND,52,Q3 12:00,3,PT12M00.00S,Unknown,Unknown,Unknown,0,N/A
2025-03-08 17:53:27,0022400915,2025-03-08 04:30 PM PST,TOR,65,WAS,69,Half,2,PT00M00.00S,Unknown,Unknown,Unknown,0,N/A
2025-03-08 17:53:27,0022400916,2025-03-08 05:00 PM PST,MIA,46,CHI,31,Q2 8:24,2,PT08M24.00S,Unknown,Unknown,Unknown,0,N/A
2025-03-08 17:53:27,0022400917,2025-03-08 05:00 PM PST,MIL,37,ORL,44,Q2 6:06,2,PT06M06.00S,Unknown,Unknown,Unknown,0,N/A
2025-03-08 17:53:27,0022400918,2025-03-08 05:30 PM PST,BOS,17,LAL,23,Q1 4:50,1,PT04M50.00S,Unknown,Unknown,Unknown,0,N/A
2025-03-08 17:53:27,0022400919,2025-03-08 05:30 PM PST,GSW,9,DET,8,Q1 5:45,1,PT05M45.00S,Unknown,Unknown,Unknown,0,N/A
2025-03-08 17:53:27,0022400912,2025-03-08 03:00 PM PST,CHA,105,BKN,102,Final,4,,Unknown,Unknown,Unknown,0,N/A
2025-03-08 18:30:20,0022400912,2025-03-08 03:00 PM PST,CHA,105,BKN,102,Final,4,,Unknown,Unknown,Unknown,0,N/A
2025-03-08 18:30:20,0022400913,2025-03-08 04:00 PM PST,HOU,146,NOP,117,Final               ,4,,Unknown,Unknown,Unknown,0,N/A
2025-03-08 18:30:21,0022400914,2025-03-08 04:30 PM PST,ATL,86,IND,77,3rd Qtr             ,3,PT03M35.00S,Unknown,Unknown,Unknown,0,N/A
2025-03-08 18:30:21,0022400915,2025-03-08 04:30 PM PST,TOR,82,WAS,92,3rd Qtr             ,3,PT03M27.00S,Unknown,Unknown,Unknown,0,N/A
2025-03-08 18:30:21,0022400916,2025-03-08 05:00 PM PST,MIA,55,CHI,48,Halftime            ,2,PT00M00.00S,Unknown,Unknown,Unknown,0,N/A
2025-03-08 18:30:21,0022400917,2025-03-08 05:00 PM PST,MIL,47,ORL,60,Halftime            ,2,PT00M00.00S,Unknown,Unknown,Unknown,0,N/A
2025-03-08 18:30:21,0022400918,2025-03-08 05:30 PM PST,BOS,40,LAL,40,2nd Qtr             ,2,PT07M004.00S,Unknown,Unknown,Unknown,0,N/A
2025-03-08 18:30:21,0022400919,2025-03-08 05:30 PM PST,GSW,24,DET,29,2nd Qtr             ,2,PT09M40.00S,Unknown,Unknown,Unknown,0,N/A
2025-03-08 18:30:23,0022400912,2025-03-08 03:00 PM PST,CHA,105,BKN,102,Final,4,,Unknown,Unknown,Unknown,0,N/A
2025-03-08 18:30:23,0022400913,2025-03-08 04:00 PM PST,HOU,146,NOP,117,Final               ,4,,Unknown,Unknown,Unknown,0,N/A
2025-03-08 18:30:23,0022400914,2025-03-08 04:30 PM PST,ATL,86,IND,77,3rd Qtr             ,3,PT03M35.00S,Unknown,Unknown,Unknown,0,N/A
2025-03-08 18:30:23,0022400915,2025-03-08 04:30 PM PST,TOR,82,WAS,92,3rd Qtr             ,3,PT03M27.00S,Unknown,Unknown,Unknown,0,N/A
2025-03-08 18:30:23,0022400916,2025-03-08 05:00 PM PST,MIA,55,CHI,48,Halftime            ,2,PT00M00.00S,Unknown,Unknown,Unknown,0,N/A
2025-03-08 18:30:23,0022400917,2025-03-08 05:00 PM PST,MIL,47,ORL,60,Halftime            ,2,PT00M00.00S,Unknown,Unknown,Unknown,0,N/A
2025-03-08 18:30:23,0022400918,2025-03-08 05:30 PM PST,BOS,40,LAL,40,2nd Qtr             ,2,PT07M004.00S,Unknown,Unknown,Unknown,0,N/A
2025-03-08 18:30:24,0022400919,2025-03-08 05:30 PM PST,GSW,24,DET,29,2nd Qtr             ,2,PT09M40.00S,Unknown,Unknown,Unknown,0,N/A
2025-03-08 18:36:21,0022400912,2025-03-08 03:00 PM PST,CHA,105,BKN,102,Final,4,,Unknown,Unknown,Unknown,0,N/A
2025-03-08 18:36:21,0022400913,2025-03-08 04:00 PM PST,HOU,146,NOP,117,Final,4,,Unknown,Unknown,Unknown,0,N/A
2025-03-08 18:36:21,0022400914,2025-03-08 04:30 PM PST,ATL,95,IND,88,3rd Qtr             ,3,PT00M27.00S,Unknown,Unknown,Unknown,0,N/A
2025-03-08 18:36:21,0022400915,2025-03-08 04:30 PM PST,TOR,93,WAS,95,4th Qtr             ,4,PT11M11.00S,Unknown,Unknown,Unknown,0,N/A
2025-03-08 18:36:21,0022400916,2025-03-08 05:00 PM PST,MIA,59,CHI,54,3rd Qtr             ,3,PT09M49.00S,Unknown,Unknown,Unknown,0,N/A
2025-03-08 18:36:21,0022400917,2025-03-08 05:00 PM PST,MIL,55,ORL,69,3rd Qtr             ,3,PT09M30.00S,Unknown,Unknown,Unknown,0,N/A
2025-03-08 18:36:21,0022400918,2025-03-08 05:30 PM PST,BOS,46,LAL,49,2nd Qtr             ,2,PT03M003.00S,Unknown,Unknown,Unknown,0,N/A
2025-03-08 18:36:22,0022400919,2025-03-08 05:30 PM PST,GSW,33,DET,35,2nd Qtr             ,2,PT06M40.00S,Unknown,Unknown,Unknown,0,N/A
2025-03-08 18:37:33,0022400914,2025-03-08 04:30 PM PST,ATL,97,IND,96,Q4 10:12,4,PT10M12.00S,Unknown,Unknown,Unknown,0,N/A
2025-03-08 18:37:33,0022400915,2025-03-08 04:30 PM PST,TOR,100,WAS,102,Q4 7:18,4,PT07M18.00S,Unknown,Unknown,Unknown,0,N/A
2025-03-08 18:37:33,0022400916,2025-03-08 05:00 PM PST,MIA,76,CHI,66,Q3 5:43,3,PT05M43.00S,Unknown,Unknown,Unknown,0,N/A
2025-03-08 18:37:33,0022400917,2025-03-08 05:00 PM PST,MIL,63,ORL,73,Q3 6:18,3,PT06M18.00S,Unknown,Unknown,Unknown,0,N/A
2025-03-08 18:37:33,0022400918,2025-03-08 05:30 PM PST,BOS,56,LAL,54,Q2 :47.7,2,PT00M47.70S,Unknown,Unknown,Unknown,0,N/A
2025-03-08 18:37:33,0022400919,2025-03-08 05:30 PM PST,GSW,37,DET,37,Q2 4:49,2,PT04M49.00S,Unknown,Unknown,Unknown,0,N/A
2025-03-08 18:37:33,0022400912,2025-03-08 03:00 PM PST,CHA,105,BKN,102,Final,4,,Unknown,Unknown,Unknown,0,N/A
2025-03-08 18:37:33,0022400913,2025-03-08 04:00 PM PST,HOU,146,NOP,117,Final,4,,Unknown,Unknown,Unknown,0,N/A
2025-03-08 18:37:35,0022400914,2025-03-08 04:30 PM PST,ATL,97,IND,96,Q4 10:12,4,PT10M12.00S,Unknown,Unknown,Unknown,0,N/A
2025-03-08 18:37:35,0022400915,2025-03-08 04:30 PM PST,TOR,100,WAS,102,Q4 7:18,4,PT07M18.00S,Unknown,Unknown,Unknown,0,N/A
2025-03-08 18:37:35,0022400916,2025-03-08 05:00 PM PST,MIA,76,CHI,66,Q3 5:43,3,PT05M43.00S,Unknown,Unknown,Unknown,0,N/A
2025-03-08 18:37:35,0022400917,2025-03-08 05:00 PM PST,MIL,63,ORL,73,Q3 6:18,3,PT06M18.00S,Unknown,Unknown,Unknown,0,N/A
2025-03-08 18:37:35,0022400918,2025-03-08 05:30 PM PST,BOS,56,LAL,54,Q2 :47.7,2,PT00M47.70S,Unknown,Unknown,Unknown,0,N/A
2025-03-08 18:37:36,0022400919,2025-03-08 05:30 PM PST,GSW,37,DET,37,Q2 4:49,2,PT04M49.00S,Unknown,Unknown,Unknown,0,N/A
2025-03-08 18:37:36,0022400912,2025-03-08 03:00 PM PST,CHA,105,BKN,102,Final,4,,Unknown,Unknown,Unknown,0,N/A
2025-03-08 18:37:36,0022400913,2025-03-08 04:00 PM PST,HOU,146,NOP,117,Final,4,,Unknown,Unknown,Unknown,0,N/A
2025-03-08 18:39:21,0022400914,2025-03-08 04:30 PM PST,ATL,97,IND,96,Q4 10:12,4,PT10M12.00S,Unknown,Unknown,Unknown,0,N/A
2025-03-08 18:39:21,0022400915,2025-03-08 04:30 PM PST,TOR,100,WAS,102,Q4 7:18,4,PT07M18.00S,Unknown,Unknown,Unknown,0,N/A
2025-03-08 18:39:21,0022400916,2025-03-08 05:00 PM PST,MIA,78,CHI,66,Q3 5:30,3,PT05M30.00S,Unknown,Unknown,Unknown,0,N/A
2025-03-08 18:39:21,0022400917,2025-03-08 05:00 PM PST,MIL,63,ORL,73,Q3 6:00,3,PT06M00.00S,Unknown,Unknown,Unknown,0,N/A
2025-03-08 18:39:21,0022400918,2025-03-08 05:30 PM PST,BOS,58,LAL,54,Half,2,PT00M00.00S,Unknown,Unknown,Unknown,0,N/A
2025-03-08 18:39:21,0022400919,2025-03-08 05:30 PM PST,GSW,39,DET,41,Q2 3:55,2,PT03M55.00S,Unknown,Unknown,Unknown,0,N/A
2025-03-08 18:39:21,0022400912,2025-03-08 03:00 PM PST,CHA,105,BKN,102,Final,4,,Unknown,Unknown,Unknown,0,N/A
2025-03-08 18:39:22,0022400913,2025-03-08 04:00 PM PST,HOU,146,NOP,117,Final,4,,Unknown,Unknown,Unknown,0,N/A
2025-03-08 18:39:26,0022400914,2025-03-08 04:30 PM PST,ATL,97,IND,96,Q4 10:12,4,PT10M12.00S,Unknown,Unknown,Unknown,0,N/A
2025-03-08 18:39:26,0022400915,2025-03-08 04:30 PM PST,TOR,100,WAS,102,Q4 7:18,4,PT07M18.00S,Unknown,Unknown,Unknown,0,N/A
2025-03-08 18:39:26,0022400916,2025-03-08 05:00 PM PST,MIA,78,CHI,66,Q3 5:30,3,PT05M30.00S,Unknown,Unknown,Unknown,0,N/A
2025-03-08 18:39:26,0022400917,2025-03-08 05:00 PM PST,MIL,63,ORL,75,Q3 5:47,3,PT05M47.00S,Unknown,Unknown,Unknown,0,N/A
2025-03-08 18:39:26,0022400918,2025-03-08 05:30 PM PST,BOS,58,LAL,54,Half,2,PT00M00.00S,Unknown,Unknown,Unknown,0,N/A
2025-03-08 18:39:27,0022400919,2025-03-08 05:30 PM PST,GSW,39,DET,43,Q2 3:47,2,PT03M47.00S,Unknown,Unknown,Unknown,0,N/A
2025-03-08 18:39:27,0022400912,2025-03-08 03:00 PM PST,CHA,105,BKN,102,Final,4,,Unknown,Unknown,Unknown,0,N/A
2025-03-08 18:39:27,0022400913,2025-03-08 04:00 PM PST,HOU,146,NOP,117,Final,4,,Unknown,Unknown,Unknown,0,N/A
2025-03-08 18:40:17,0022400914,2025-03-08 04:30 PM PST,ATL,99,IND,96,Q4 9:56,4,PT09M56.00S,Unknown,Unknown,Unknown,0,N/A
2025-03-08 18:40:17,0022400915,2025-03-08 04:30 PM PST,TOR,100,WAS,105,Q4 6:47,4,PT06M47.00S,Unknown,Unknown,Unknown,0,N/A
2025-03-08 18:40:17,0022400916,2025-03-08 05:00 PM PST,MIA,78,CHI,71,Q3 4:32,3,PT04M32.00S,Unknown,Unknown,Unknown,0,N/A
2025-03-08 18:40:18,0022400917,2025-03-08 05:00 PM PST,MIL,66,ORL,78,Q3 5:19,3,PT05M19.00S,Unknown,Unknown,Unknown,0,N/A
2025-03-08 18:40:18,0022400918,2025-03-08 05:30 PM PST,BOS,58,LAL,54,Half,2,PT00M00.00S,Unknown,Unknown,Unknown,0,N/A
2025-03-08 18:40:18,0022400919,2025-03-08 05:30 PM PST,GSW,42,DET,45,Q2 3:03,2,PT03M03.00S,Unknown,Unknown,Unknown,0,N/A
2025-03-08 18:40:18,0022400912,2025-03-08 03:00 PM PST,CHA,105,BKN,102,Final,4,,Unknown,Unknown,Unknown,0,N/A
2025-03-08 18:40:18,0022400913,2025-03-08 04:00 PM PST,HOU,146,NOP,117,Final,4,,Unknown,Unknown,Unknown,0,N/A
2025-03-08 18:42:45,0022400912,2025-03-08 03:00 PM PST,CHA,105,BKN,102,Final,4,,Unknown,Unknown,Unknown,0,N/A
2025-03-08 18:42:45,0022400913,2025-03-08 04:00 PM PST,HOU,146,NOP,117,Final,4,,Unknown,Unknown,Unknown,0,N/A
2025-03-08 18:42:45,0022400914,2025-03-08 04:30 PM PST,ATL,99,IND,96,4th Qtr             ,4,PT09M44.00S,Unknown,Unknown,Unknown,0,N/A
2025-03-08 18:42:45,0022400915,2025-03-08 04:30 PM PST,TOR,100,WAS,108,4th Qtr             ,4,PT06M43.00S,Unknown,Unknown,Unknown,0,N/A
2025-03-08 18:42:45,0022400916,2025-03-08 05:00 PM PST,MIA,78,CHI,71,3rd Qtr             ,3,PT04M34.00S,Unknown,Unknown,Unknown,0,N/A
2025-03-08 18:42:45,0022400917,2025-03-08 05:00 PM PST,MIL,66,ORL,78,3rd Qtr             ,3,PT05M19.00S,Unknown,Unknown,Unknown,0,N/A
2025-03-08 18:42:45,0022400918,2025-03-08 05:30 PM PST,BOS,58,LAL,54,Halftime            ,2,PT00M00.00S,Unknown,Unknown,Unknown,0,N/A
2025-03-08 18:42:45,0022400919,2025-03-08 05:30 PM PST,GSW,42,DET,45,2nd Qtr             ,2,PT03M003.00S,Unknown,Unknown,Unknown,0,N/A
2025-03-08 18:49:13,0022400912,2025-03-08 03:00 PM PST,CHA,105,BKN,102,Final,4,,Unknown,Unknown,Unknown,0,N/A
2025-03-08 18:49:13,0022400913,2025-03-08 04:00 PM PST,HOU,146,NOP,117,Final,4,,Unknown,Unknown,Unknown,0,N/A
2025-03-08 18:49:13,0022400914,2025-03-08 04:30 PM PST,ATL,99,IND,96,4th Qtr             ,4,PT09M44.00S,Unknown,Unknown,Unknown,0,N/A
2025-03-08 18:49:13,0022400915,2025-03-08 04:30 PM PST,TOR,100,WAS,108,4th Qtr             ,4,PT06M43.00S,Unknown,Unknown,Unknown,0,N/A
2025-03-08 18:49:13,0022400916,2025-03-08 05:00 PM PST,MIA,78,CHI,71,3rd Qtr             ,3,PT04M34.00S,Unknown,Unknown,Unknown,0,N/A
2025-03-08 18:49:13,0022400917,2025-03-08 05:00 PM PST,MIL,66,ORL,78,3rd Qtr             ,3,PT05M19.00S,Unknown,Unknown,Unknown,0,N/A
2025-03-08 18:49:13,0022400918,2025-03-08 05:30 PM PST,BOS,58,LAL,54,Halftime            ,2,PT00M00.00S,Unknown,Unknown,Unknown,0,N/A
2025-03-08 18:49:13,0022400919,2025-03-08 05:30 PM PST,GSW,42,DET,45,2nd Qtr             ,2,PT03M003.00S,Unknown,Unknown,Unknown,0,N/A
2025-03-08 18:49:42,0022400914,2025-03-08 04:30 PM PST,ATL,104,IND,104,Q4 6:27,4,PT06M27.00S,Unknown,Unknown,Unknown,0,N/A
2025-03-08 18:49:42,0022400915,2025-03-08 04:30 PM PST,TOR,110,WAS,114,Q4 3:02,4,PT03M02.00S,Unknown,Unknown,Unknown,0,N/A
2025-03-08 18:49:42,0022400916,2025-03-08 05:00 PM PST,MIA,84,CHI,78,Q3 :46.8,3,PT00M46.80S,Unknown,Unknown,Unknown,0,N/A
2025-03-08 18:49:42,0022400917,2025-03-08 05:00 PM PST,MIL,70,ORL,82,Q3 3:12,3,PT03M12.00S,Unknown,Unknown,Unknown,0,N/A
2025-03-08 18:49:42,0022400918,2025-03-08 05:30 PM PST,BOS,58,LAL,54,Half,2,PT00M00.00S,Unknown,Unknown,Unknown,0,N/A
2025-03-08 18:49:42,0022400919,2025-03-08 05:30 PM PST,GSW,49,DET,53,Q2 :01.0,2,PT00M01.00S,Unknown,Unknown,Unknown,0,N/A
2025-03-08 18:49:42,0022400912,2025-03-08 03:00 PM PST,CHA,105,BKN,102,Final,4,,Unknown,Unknown,Unknown,0,N/A
2025-03-08 18:49:42,0022400913,2025-03-08 04:00 PM PST,HOU,146,NOP,117,Final,4,,Unknown,Unknown,Unknown,0,N/A
2025-03-12 09:34:15,0022400945,2025-03-12 04:30 PM PST,ATL,0,CHA,0,7:30 pm PST,0,,Unknown,Unknown,Unknown,0,N/A
2025-03-12 09:34:15,0022400946,2025-03-12 04:30 PM PST,BOS,0,OKC,0,7:30 pm PST,0,,Unknown,Unknown,Unknown,0,N/A
2025-03-12 09:34:15,0022400947,2025-03-12 04:30 PM PST,TOR,0,PHI,0,7:30 pm PST,0,,Unknown,Unknown,Unknown,0,N/A
2025-03-12 09:34:15,0022400948,2025-03-12 05:00 PM PST,MIA,0,LAC,0,8:00 pm PST,0,,Unknown,Unknown,Unknown,0,N/A
2025-03-12 09:34:15,0022400949,2025-03-12 05:00 PM PST,HOU,0,PHX,0,8:00 pm PST,0,,Unknown,Unknown,Unknown,0,N/A
2025-03-12 09:34:15,0022400950,2025-03-12 05:00 PM PST,MEM,0,UTA,0,8:00 pm PST,0,,Unknown,Unknown,Unknown,0,N/A
2025-03-12 09:34:16,0022400951,2025-03-12 05:00 PM PST,SAS,0,DAL,0,8:00 pm PST,0,,Unknown,Unknown,Unknown,0,N/A
2025-03-12 09:34:16,0022400952,2025-03-12 07:00 PM PST,DEN,0,MIN,0,10:00 pm PST,0,,Unknown,Unknown,Unknown,0,N/A
2025-03-12 09:34:16,0022400953,2025-03-12 07:00 PM PST,POR,0,NYK,0,10:00 pm PST,0,,Unknown,Unknown,Unknown,0,N/A
2025-03-12 09:34:26,0022400945,2025-03-12 04:30 PM PST,ATL,0,CHA,0,7:30 pm PST,0,,Unknown,Unknown,Unknown,0,N/A
2025-03-12 09:34:26,0022400946,2025-03-12 04:30 PM PST,BOS,0,OKC,0,7:30 pm PST,0,,Unknown,Unknown,Unknown,0,N/A
2025-03-12 09:34:27,0022400947,2025-03-12 04:30 PM PST,TOR,0,PHI,0,7:30 pm PST,0,,Unknown,Unknown,Unknown,0,N/A
2025-03-12 09:34:27,0022400948,2025-03-12 05:00 PM PST,MIA,0,LAC,0,8:00 pm PST,0,,Unknown,Unknown,Unknown,0,N/A
2025-03-12 09:34:27,0022400949,2025-03-12 05:00 PM PST,HOU,0,PHX,0,8:00 pm PST,0,,Unknown,Unknown,Unknown,0,N/A
2025-03-12 09:34:27,0022400950,2025-03-12 05:00 PM PST,MEM,0,UTA,0,8:00 pm PST,0,,Unknown,Unknown,Unknown,0,N/A
2025-03-12 09:34:27,0022400951,2025-03-12 05:00 PM PST,SAS,0,DAL,0,8:00 pm PST,0,,Unknown,Unknown,Unknown,0,N/A
2025-03-12 09:34:27,0022400952,2025-03-12 07:00 PM PST,DEN,0,MIN,0,10:00 pm PST,0,,Unknown,Unknown,Unknown,0,N/A
2025-03-12 09:34:27,0022400953,2025-03-12 07:00 PM PST,POR,0,NYK,0,10:00 pm PST,0,,Unknown,Unknown,Unknown,0,N/A
2025-03-12 09:44:34,0022400945,2025-03-12 04:30 PM PST,ATL,0,CHA,0,7:30 pm PST,0,,Unknown,Unknown,Unknown,0,N/A
2025-03-12 09:44:34,0022400946,2025-03-12 04:30 PM PST,BOS,0,OKC,0,7:30 pm PST,0,,Unknown,Unknown,Unknown,0,N/A
2025-03-12 09:44:34,0022400947,2025-03-12 04:30 PM PST,TOR,0,PHI,0,7:30 pm PST,0,,Unknown,Unknown,Unknown,0,N/A
2025-03-12 09:44:34,0022400948,2025-03-12 05:00 PM PST,MIA,0,LAC,0,8:00 pm PST,0,,Unknown,Unknown,Unknown,0,N/A
2025-03-12 09:44:34,0022400949,2025-03-12 05:00 PM PST,HOU,0,PHX,0,8:00 pm PST,0,,Unknown,Unknown,Unknown,0,N/A
2025-03-12 09:44:34,0022400950,2025-03-12 05:00 PM PST,MEM,0,UTA,0,8:00 pm PST,0,,Unknown,Unknown,Unknown,0,N/A
2025-03-12 09:44:34,0022400951,2025-03-12 05:00 PM PST,SAS,0,DAL,0,8:00 pm PST,0,,Unknown,Unknown,Unknown,0,N/A
2025-03-12 09:44:34,0022400952,2025-03-12 07:00 PM PST,DEN,0,MIN,0,10:00 pm PST,0,,Unknown,Unknown,Unknown,0,N/A
2025-03-12 09:44:34,0022400953,2025-03-12 07:00 PM PST,POR,0,NYK,0,10:00 pm PST,0,,Unknown,Unknown,Unknown,0,N/A
2025-03-12 09:49:45,0022400945,2025-03-12 04:30 PM PST,ATL,0,CHA,0,7:30 pm PST,0,,Unknown,Unknown,Unknown,0,N/A
2025-03-12 09:49:46,0022400946,2025-03-12 04:30 PM PST,BOS,0,OKC,0,7:30 pm PST,0,,Unknown,Unknown,Unknown,0,N/A
2025-03-12 09:49:46,0022400947,2025-03-12 04:30 PM PST,TOR,0,PHI,0,7:30 pm PST,0,,Unknown,Unknown,Unknown,0,N/A
2025-03-12 09:49:46,0022400948,2025-03-12 05:00 PM PST,MIA,0,LAC,0,8:00 pm PST,0,,Unknown,Unknown,Unknown,0,N/A
2025-03-12 09:49:46,0022400949,2025-03-12 05:00 PM PST,HOU,0,PHX,0,8:00 pm PST,0,,Unknown,Unknown,Unknown,0,N/A
2025-03-12 09:49:46,0022400950,2025-03-12 05:00 PM PST,MEM,0,UTA,0,8:00 pm PST,0,,Unknown,Unknown,Unknown,0,N/A
2025-03-12 09:49:46,0022400951,2025-03-12 05:00 PM PST,SAS,0,DAL,0,8:00 pm PST,0,,Unknown,Unknown,Unknown,0,N/A
2025-03-12 09:49:46,0022400952,2025-03-12 07:00 PM PST,DEN,0,MIN,0,10:00 pm PST,0,,Unknown,Unknown,Unknown,0,N/A
2025-03-12 09:49:46,0022400953,2025-03-12 07:00 PM PST,POR,0,NYK,0,10:00 pm PST,0,,Unknown,Unknown,Unknown,0,N/A
2025-03-12 09:49:54,0022400945,2025-03-12 04:30 PM PST,ATL,0,CHA,0,7:30 pm PST,0,,Unknown,Unknown,Unknown,0,N/A
2025-03-12 09:49:54,0022400946,2025-03-12 04:30 PM PST,BOS,0,OKC,0,7:30 pm PST,0,,Unknown,Unknown,Unknown,0,N/A
2025-03-12 09:49:54,0022400947,2025-03-12 04:30 PM PST,TOR,0,PHI,0,7:30 pm PST,0,,Unknown,Unknown,Unknown,0,N/A
2025-03-12 09:49:54,0022400948,2025-03-12 05:00 PM PST,MIA,0,LAC,0,8:00 pm PST,0,,Unknown,Unknown,Unknown,0,N/A
2025-03-12 09:49:54,0022400949,2025-03-12 05:00 PM PST,HOU,0,PHX,0,8:00 pm PST,0,,Unknown,Unknown,Unknown,0,N/A
2025-03-12 09:49:54,0022400950,2025-03-12 05:00 PM PST,MEM,0,UTA,0,8:00 pm PST,0,,Unknown,Unknown,Unknown,0,N/A
2025-03-12 09:49:54,0022400951,2025-03-12 05:00 PM PST,SAS,0,DAL,0,8:00 pm PST,0,,Unknown,Unknown,Unknown,0,N/A
2025-03-12 09:49:54,0022400952,2025-03-12 07:00 PM PST,DEN,0,MIN,0,10:00 pm PST,0,,Unknown,Unknown,Unknown,0,N/A
2025-03-12 09:49:54,0022400953,2025-03-12 07:00 PM PST,POR,0,NYK,0,10:00 pm PST,0,,Unknown,Unknown,Unknown,0,N/A
2025-03-12 09:50:33,0022400945,2025-03-12 04:30 PM PST,ATL,0,CHA,0,7:30 pm PST,0,,Unknown,Unknown,Unknown,0,N/A
2025-03-12 09:50:33,0022400946,2025-03-12 04:30 PM PST,BOS,0,OKC,0,7:30 pm PST,0,,Unknown,Unknown,Unknown,0,N/A
2025-03-12 09:50:34,0022400947,2025-03-12 04:30 PM PST,TOR,0,PHI,0,7:30 pm PST,0,,Unknown,Unknown,Unknown,0,N/A
2025-03-12 09:50:34,0022400948,2025-03-12 05:00 PM PST,MIA,0,LAC,0,8:00 pm PST,0,,Unknown,Unknown,Unknown,0,N/A
2025-03-12 09:50:34,0022400949,2025-03-12 05:00 PM PST,HOU,0,PHX,0,8:00 pm PST,0,,Unknown,Unknown,Unknown,0,N/A
2025-03-12 09:50:34,0022400950,2025-03-12 05:00 PM PST,MEM,0,UTA,0,8:00 pm PST,0,,Unknown,Unknown,Unknown,0,N/A
2025-03-12 09:50:34,0022400951,2025-03-12 05:00 PM PST,SAS,0,DAL,0,8:00 pm PST,0,,Unknown,Unknown,Unknown,0,N/A
2025-03-12 09:50:34,0022400952,2025-03-12 07:00 PM PST,DEN,0,MIN,0,10:00 pm PST,0,,Unknown,Unknown,Unknown,0,N/A
2025-03-12 09:50:34,0022400953,2025-03-12 07:00 PM PST,POR,0,NYK,0,10:00 pm PST,0,,Unknown,Unknown,Unknown,0,N/A
2025-04-02 09:37:10,0022401103,2025-04-02 04:00 PM PST,CLE,0,NYK,0,7:00 pm PST,0,,Unknown,Unknown,Unknown,0,N/A
2025-04-02 09:37:11,0022401104,2025-04-02 04:00 PM PST,IND,0,CHA,0,7:00 pm PST,0,,Unknown,Unknown,Unknown,0,N/A
2025-04-02 09:37:11,0022401105,2025-04-02 04:00 PM PST,WAS,0,SAC,0,7:00 pm PST,0,,Unknown,Unknown,Unknown,0,N/A
2025-04-02 09:37:11,0022401106,2025-04-02 04:30 PM PST,BOS,0,MIA,0,7:30 pm PST,0,,Unknown,Unknown,Unknown,0,N/A
2025-04-02 09:37:11,0022401107,2025-04-02 05:00 PM PST,HOU,0,UTA,0,8:00 pm PST,0,,Unknown,Unknown,Unknown,0,N/A
2025-04-02 09:37:11,0022401109,2025-04-02 05:30 PM PST,DAL,0,ATL,0,8:30 pm PST,0,,Unknown,Unknown,Unknown,0,N/A
2025-04-02 09:37:11,0022401110,2025-04-02 06:00 PM PST,DEN,0,SAS,0,9:00 pm PST,0,,Unknown,Unknown,Unknown,0,N/A
2025-04-02 09:37:11,0022401108,2025-04-02 06:30 PM PST,OKC,0,DET,0,9:30 pm PST,0,,Unknown,Unknown,Unknown,0,N/A
2025-04-02 09:37:11,0022401111,2025-04-02 07:30 PM PST,LAC,0,NOP,0,10:30 pm PST,0,,Unknown,Unknown,Unknown,0,N/A
2025-04-02 09:37:16,0022401103,2025-04-02 04:00 PM PST,CLE,0,NYK,0,7:00 pm PST,0,,Unknown,Unknown,Unknown,0,N/A
2025-04-02 09:37:16,0022401104,2025-04-02 04:00 PM PST,IND,0,CHA,0,7:00 pm PST,0,,Unknown,Unknown,Unknown,0,N/A
2025-04-02 09:37:16,0022401105,2025-04-02 04:00 PM PST,WAS,0,SAC,0,7:00 pm PST,0,,Unknown,Unknown,Unknown,0,N/A
2025-04-02 09:37:17,0022401106,2025-04-02 04:30 PM PST,BOS,0,MIA,0,7:30 pm PST,0,,Unknown,Unknown,Unknown,0,N/A
2025-04-02 09:37:17,0022401107,2025-04-02 05:00 PM PST,HOU,0,UTA,0,8:00 pm PST,0,,Unknown,Unknown,Unknown,0,N/A
2025-04-02 09:37:17,0022401109,2025-04-02 05:30 PM PST,DAL,0,ATL,0,8:30 pm PST,0,,Unknown,Unknown,Unknown,0,N/A
2025-04-02 09:37:17,0022401110,2025-04-02 06:00 PM PST,DEN,0,SAS,0,9:00 pm PST,0,,Unknown,Unknown,Unknown,0,N/A
2025-04-02 09:37:17,0022401108,2025-04-02 06:30 PM PST,OKC,0,DET,0,9:30 pm PST,0,,Unknown,Unknown,Unknown,0,N/A
2025-04-02 09:37:17,0022401111,2025-04-02 07:30 PM PST,LAC,0,NOP,0,10:30 pm PST,0,,Unknown,Unknown,Unknown,0,N/A
2025-04-02 09:44:28,0022401103,2025-04-02 04:00 PM PST,CLE,0,NYK,0,7:00 pm PST,0,,Unknown,Unknown,Unknown,0,N/A
2025-04-02 09:44:28,0022401104,2025-04-02 04:00 PM PST,IND,0,CHA,0,7:00 pm PST,0,,Unknown,Unknown,Unknown,0,N/A
2025-04-02 09:44:28,0022401105,2025-04-02 04:00 PM PST,WAS,0,SAC,0,7:00 pm PST,0,,Unknown,Unknown,Unknown,0,N/A
2025-04-02 09:44:28,0022401106,2025-04-02 04:30 PM PST,BOS,0,MIA,0,7:30 pm PST,0,,Unknown,Unknown,Unknown,0,N/A
2025-04-02 09:44:28,0022401107,2025-04-02 05:00 PM PST,HOU,0,UTA,0,8:00 pm PST,0,,Unknown,Unknown,Unknown,0,N/A
2025-04-02 09:44:28,0022401109,2025-04-02 05:30 PM PST,DAL,0,ATL,0,8:30 pm PST,0,,Unknown,Unknown,Unknown,0,N/A
2025-04-02 09:44:28,0022401110,2025-04-02 06:00 PM PST,DEN,0,SAS,0,9:00 pm PST,0,,Unknown,Unknown,Unknown,0,N/A
2025-04-02 09:44:28,0022401108,2025-04-02 06:30 PM PST,OKC,0,DET,0,9:30 pm PST,0,,Unknown,Unknown,Unknown,0,N/A
2025-04-02 09:44:28,0022401111,2025-04-02 07:30 PM PST,LAC,0,NOP,0,10:30 pm PST,0,,Unknown,Unknown,Unknown,0,N/A
2025-04-02 09:46:41,0022401103,2025-04-02 04:00 PM PST,CLE,0,NYK,0,7:00 pm PST,0,,Unknown,Unknown,Unknown,0,N/A
2025-04-02 09:46:41,0022401104,2025-04-02 04:00 PM PST,IND,0,CHA,0,7:00 pm PST,0,,Unknown,Unknown,Unknown,0,N/A
2025-04-02 09:46:41,0022401105,2025-04-02 04:00 PM PST,WAS,0,SAC,0,7:00 pm PST,0,,Unknown,Unknown,Unknown,0,N/A
2025-04-02 09:46:41,0022401106,2025-04-02 04:30 PM PST,BOS,0,MIA,0,7:30 pm PST,0,,Unknown,Unknown,Unknown,0,N/A
2025-04-02 09:46:42,0022401107,2025-04-02 05:00 PM PST,HOU,0,UTA,0,8:00 pm PST,0,,Unknown,Unknown,Unknown,0,N/A
2025-04-02 09:46:42,0022401109,2025-04-02 05:30 PM PST,DAL,0,ATL,0,8:30 pm PST,0,,Unknown,Unknown,Unknown,0,N/A
2025-04-02 09:46:42,0022401110,2025-04-02 06:00 PM PST,DEN,0,SAS,0,9:00 pm PST,0,,Unknown,Unknown,Unknown,0,N/A
2025-04-02 09:46:42,0022401108,2025-04-02 06:30 PM PST,OKC,0,DET,0,9:30 pm PST,0,,Unknown,Unknown,Unknown,0,N/A
2025-04-02 09:46:42,0022401111,2025-04-02 07:30 PM PST,LAC,0,NOP,0,10:30 pm PST,0,,Unknown,Unknown,Unknown,0,N/A
2025-04-08 22:02:46,0022401146,2025-04-08 04:00 PM PST,CHA,100,MEM,124,Final,4,,Unknown,Unknown,Unknown,0,N/A
2025-04-08 22:02:46,0022401147,2025-04-08 04:00 PM PST,CLE,135,CHI,113,Final,4,,Unknown,Unknown,Unknown,0,N/A
2025-04-08 22:02:46,0022401148,2025-04-08 04:00 PM PST,IND,104,WAS,98,Final,4,,Unknown,Unknown,Unknown,0,N/A
2025-04-08 22:02:46,0022401149,2025-04-08 04:00 PM PST,ORL,119,ATL,112,Final,4,,Unknown,Unknown,Unknown,0,N/A
2025-04-08 22:02:46,0022401150,2025-04-08 04:30 PM PST,BKN,119,NOP,114,Final,4,,Unknown,Unknown,Unknown,0,N/A
2025-04-08 22:02:46,0022401151,2025-04-08 04:30 PM PST,NYK,117,BOS,119,Final/OT,5,,Unknown,Unknown,Unknown,0,N/A
2025-04-08 22:02:47,0022401152,2025-04-08 05:00 PM PST,MIL,110,MIN,103,Final,4,,Unknown,Unknown,Unknown,0,N/A
2025-04-08 22:02:47,0022401153,2025-04-08 05:00 PM PST,OKC,136,LAL,120,Final,4,,Unknown,Unknown,Unknown,0,N/A
2025-04-08 22:02:47,0022401154,2025-04-08 07:00 PM PST,PHX,95,GSW,133,Final,4,,Unknown,Unknown,Unknown,0,N/A
2025-04-08 22:02:47,0022401155,2025-04-08 07:30 PM PST,LAC,122,SAS,117,Final               ,4,,Unknown,Unknown,Unknown,0,N/A
2025-04-08 22:02:52,0022401146,2025-04-08 04:00 PM PST,CHA,100,MEM,124,Final,4,,Unknown,Unknown,Unknown,0,N/A
2025-04-08 22:02:52,0022401147,2025-04-08 04:00 PM PST,CLE,135,CHI,113,Final,4,,Unknown,Unknown,Unknown,0,N/A
2025-04-08 22:02:52,0022401148,2025-04-08 04:00 PM PST,IND,104,WAS,98,Final,4,,Unknown,Unknown,Unknown,0,N/A
2025-04-08 22:02:52,0022401149,2025-04-08 04:00 PM PST,ORL,119,ATL,112,Final,4,,Unknown,Unknown,Unknown,0,N/A
2025-04-08 22:02:52,0022401150,2025-04-08 04:30 PM PST,BKN,119,NOP,114,Final,4,,Unknown,Unknown,Unknown,0,N/A
2025-04-08 22:02:53,0022401151,2025-04-08 04:30 PM PST,NYK,117,BOS,119,Final/OT,5,,Unknown,Unknown,Unknown,0,N/A
2025-04-08 22:02:53,0022401152,2025-04-08 05:00 PM PST,MIL,110,MIN,103,Final,4,,Unknown,Unknown,Unknown,0,N/A
2025-04-08 22:02:53,0022401153,2025-04-08 05:00 PM PST,OKC,136,LAL,120,Final,4,,Unknown,Unknown,Unknown,0,N/A
2025-04-08 22:02:53,0022401154,2025-04-08 07:00 PM PST,PHX,95,GSW,133,Final,4,,Unknown,Unknown,Unknown,0,N/A
2025-04-08 22:02:53,0022401155,2025-04-08 07:30 PM PST,LAC,122,SAS,117,Final               ,4,,Unknown,Unknown,Unknown,0,N/A
2025-04-08 23:37:50,0022401146,2025-04-08 04:00 PM PST,CHA,100,MEM,124,Final,4,,Unknown,Unknown,Unknown,0,N/A
2025-04-08 23:37:50,0022401147,2025-04-08 04:00 PM PST,CLE,135,CHI,113,Final,4,,Unknown,Unknown,Unknown,0,N/A
2025-04-08 23:37:50,0022401148,2025-04-08 04:00 PM PST,IND,104,WAS,98,Final,4,,Unknown,Unknown,Unknown,0,N/A
2025-04-08 23:37:50,0022401149,2025-04-08 04:00 PM PST,ORL,119,ATL,112,Final,4,,Unknown,Unknown,Unknown,0,N/A
2025-04-08 23:37:50,0022401150,2025-04-08 04:30 PM PST,BKN,119,NOP,114,Final,4,,Unknown,Unknown,Unknown,0,N/A
2025-04-08 23:37:50,0022401151,2025-04-08 04:30 PM PST,NYK,117,BOS,119,Final/OT,5,,Unknown,Unknown,Unknown,0,N/A
2025-04-08 23:37:50,0022401152,2025-04-08 05:00 PM PST,MIL,110,MIN,103,Final,4,,Unknown,Unknown,Unknown,0,N/A
2025-04-08 23:37:50,0022401153,2025-04-08 05:00 PM PST,OKC,136,LAL,120,Final,4,,Unknown,Unknown,Unknown,0,N/A
2025-04-08 23:37:50,0022401154,2025-04-08 07:00 PM PST,PHX,95,GSW,133,Final,4,,Unknown,Unknown,Unknown,0,N/A
2025-04-08 23:37:50,0022401155,2025-04-08 07:30 PM PST,LAC,122,SAS,117,Final,4,,Unknown,Unknown,Unknown,0,N/A
2025-04-08 23:37:54,0022401146,2025-04-08 04:00 PM PST,CHA,100,MEM,124,Final,4,,Unknown,Unknown,Unknown,0,N/A
2025-04-08 23:37:54,0022401147,2025-04-08 04:00 PM PST,CLE,135,CHI,113,Final,4,,Unknown,Unknown,Unknown,0,N/A
2025-04-08 23:37:54,0022401148,2025-04-08 04:00 PM PST,IND,104,WAS,98,Final,4,,Unknown,Unknown,Unknown,0,N/A
2025-04-08 23:37:54,0022401149,2025-04-08 04:00 PM PST,ORL,119,ATL,112,Final,4,,Unknown,Unknown,Unknown,0,N/A
2025-04-08 23:37:54,0022401150,2025-04-08 04:30 PM PST,BKN,119,NOP,114,Final,4,,Unknown,Unknown,Unknown,0,N/A
2025-04-08 23:37:54,0022401151,2025-04-08 04:30 PM PST,NYK,117,BOS,119,Final/OT,5,,Unknown,Unknown,Unknown,0,N/A
2025-04-08 23:37:54,0022401152,2025-04-08 05:00 PM PST,MIL,110,MIN,103,Final,4,,Unknown,Unknown,Unknown,0,N/A
2025-04-08 23:37:54,0022401153,2025-04-08 05:00 PM PST,OKC,136,LAL,120,Final,4,,Unknown,Unknown,Unknown,0,N/A
2025-04-08 23:37:54,0022401154,2025-04-08 07:00 PM PST,PHX,95,GSW,133,Final,4,,Unknown,Unknown,Unknown,0,N/A
2025-04-08 23:37:54,0022401155,2025-04-08 07:30 PM PST,LAC,122,SAS,117,Final,4,,Unknown,Unknown,Unknown,0,N/A
2025-04-08 23:41:09,0022401146,2025-04-08 04:00 PM PST,CHA,100,MEM,124,Final,4,,Unknown,Unknown,Unknown,0,N/A
2025-04-08 23:41:09,0022401147,2025-04-08 04:00 PM PST,CLE,135,CHI,113,Final,4,,Unknown,Unknown,Unknown,0,N/A
2025-04-08 23:41:09,0022401148,2025-04-08 04:00 PM PST,IND,104,WAS,98,Final,4,,Unknown,Unknown,Unknown,0,N/A
2025-04-08 23:41:09,0022401149,2025-04-08 04:00 PM PST,ORL,119,ATL,112,Final,4,,Unknown,Unknown,Unknown,0,N/A
2025-04-08 23:41:09,0022401150,2025-04-08 04:30 PM PST,BKN,119,NOP,114,Final,4,,Unknown,Unknown,Unknown,0,N/A
2025-04-08 23:41:09,0022401151,2025-04-08 04:30 PM PST,NYK,117,BOS,119,Final/OT,5,,Unknown,Unknown,Unknown,0,N/A
2025-04-08 23:41:09,0022401152,2025-04-08 05:00 PM PST,MIL,110,MIN,103,Final,4,,Unknown,Unknown,Unknown,0,N/A
2025-04-08 23:41:09,0022401153,2025-04-08 05:00 PM PST,OKC,136,LAL,120,Final,4,,Unknown,Unknown,Unknown,0,N/A
2025-04-08 23:41:10,0022401154,2025-04-08 07:00 PM PST,PHX,95,GSW,133,Final,4,,Unknown,Unknown,Unknown,0,N/A
2025-04-08 23:41:10,0022401155,2025-04-08 07:30 PM PST,LAC,122,SAS,117,Final,4,,Unknown,Unknown,Unknown,0,N/A
2025-04-08 23:47:15,0022401146,2025-04-08 04:00 PM PST,CHA,100,MEM,124,Final,4,,Unknown,Unknown,Unknown,0,N/A
2025-04-08 23:47:15,0022401147,2025-04-08 04:00 PM PST,CLE,135,CHI,113,Final,4,,Unknown,Unknown,Unknown,0,N/A
2025-04-08 23:47:15,0022401148,2025-04-08 04:00 PM PST,IND,104,WAS,98,Final,4,,Unknown,Unknown,Unknown,0,N/A
2025-04-08 23:47:16,0022401149,2025-04-08 04:00 PM PST,ORL,119,ATL,112,Final,4,,Unknown,Unknown,Unknown,0,N/A
2025-04-08 23:47:16,0022401150,2025-04-08 04:30 PM PST,BKN,119,NOP,114,Final,4,,Unknown,Unknown,Unknown,0,N/A
2025-04-08 23:47:16,0022401151,2025-04-08 04:30 PM PST,NYK,117,BOS,119,Final/OT,5,,Unknown,Unknown,Unknown,0,N/A
2025-04-08 23:47:16,0022401152,2025-04-08 05:00 PM PST,MIL,110,MIN,103,Final,4,,Unknown,Unknown,Unknown,0,N/A
2025-04-08 23:47:16,0022401153,2025-04-08 05:00 PM PST,OKC,136,LAL,120,Final,4,,Unknown,Unknown,Unknown,0,N/A
2025-04-08 23:47:16,0022401154,2025-04-08 07:00 PM PST,PHX,95,GSW,133,Final,4,,Unknown,Unknown,Unknown,0,N/A
2025-04-08 23:47:16,0022401155,2025-04-08 07:30 PM PST,LAC,122,SAS,117,Final,4,,Unknown,Unknown,Unknown,0,N/A
2025-04-08 23:47:19,0022401146,2025-04-08 04:00 PM PST,CHA,100,MEM,124,Final,4,,Unknown,Unknown,Unknown,0,N/A
2025-04-08 23:47:19,0022401147,2025-04-08 04:00 PM PST,CLE,135,CHI,113,Final,4,,Unknown,Unknown,Unknown,0,N/A
2025-04-08 23:47:19,0022401148,2025-04-08 04:00 PM PST,IND,104,WAS,98,Final,4,,Unknown,Unknown,Unknown,0,N/A
2025-04-08 23:47:20,0022401149,2025-04-08 04:00 PM PST,ORL,119,ATL,112,Final,4,,Unknown,Unknown,Unknown,0,N/A
2025-04-08 23:47:20,0022401150,2025-04-08 04:30 PM PST,BKN,119,NOP,114,Final,4,,Unknown,Unknown,Unknown,0,N/A
2025-04-08 23:47:20,0022401151,2025-04-08 04:30 PM PST,NYK,117,BOS,119,Final/OT,5,,Unknown,Unknown,Unknown,0,N/A
2025-04-08 23:47:20,0022401152,2025-04-08 05:00 PM PST,MIL,110,MIN,103,Final,4,,Unknown,Unknown,Unknown,0,N/A
2025-04-08 23:47:20,0022401153,2025-04-08 05:00 PM PST,OKC,136,LAL,120,Final,4,,Unknown,Unknown,Unknown,0,N/A
2025-04-08 23:47:20,0022401154,2025-04-08 07:00 PM PST,PHX,95,GSW,133,Final,4,,Unknown,Unknown,Unknown,0,N/A
2025-04-08 23:47:20,0022401155,2025-04-08 07:30 PM PST,LAC,122,SAS,117,Final,4,,Unknown,Unknown,Unknown,0,N/A
2025-04-08 23:57:20,0022401146,2025-04-08 04:00 PM PST,CHA,100,MEM,124,Final,4,,Unknown,Unknown,Unknown,0,N/A
2025-04-08 23:57:20,0022401147,2025-04-08 04:00 PM PST,CLE,135,CHI,113,Final,4,,Unknown,Unknown,Unknown,0,N/A
2025-04-08 23:57:21,0022401148,2025-04-08 04:00 PM PST,IND,104,WAS,98,Final,4,,Unknown,Unknown,Unknown,0,N/A
2025-04-08 23:57:21,0022401149,2025-04-08 04:00 PM PST,ORL,119,ATL,112,Final,4,,Unknown,Unknown,Unknown,0,N/A
2025-04-08 23:57:21,0022401150,2025-04-08 04:30 PM PST,BKN,119,NOP,114,Final,4,,Unknown,Unknown,Unknown,0,N/A
2025-04-08 23:57:21,0022401151,2025-04-08 04:30 PM PST,NYK,117,BOS,119,Final/OT,5,,Unknown,Unknown,Unknown,0,N/A
2025-04-08 23:57:21,0022401152,2025-04-08 05:00 PM PST,MIL,110,MIN,103,Final,4,,Unknown,Unknown,Unknown,0,N/A
2025-04-08 23:57:21,0022401153,2025-04-08 05:00 PM PST,OKC,136,LAL,120,Final,4,,Unknown,Unknown,Unknown,0,N/A
2025-04-08 23:57:21,0022401154,2025-04-08 07:00 PM PST,PHX,95,GSW,133,Final,4,,Unknown,Unknown,Unknown,0,N/A
2025-04-08 23:57:21,0022401155,2025-04-08 07:30 PM PST,LAC,122,SAS,117,Final,4,,Unknown,Unknown,Unknown,0,N/A
2025-04-15 20:53:56,0052400121,2025-04-15 07:00 PM PST,GSW,82,MEM,80,Q3 4:25,3,PT04M25.00S,Unknown,Unknown,Unknown,0,N/A
2025-04-15 20:53:56,0052400101,2025-04-15 04:30 PM PST,ORL,120,ATL,95,Final,4,,Unknown,Unknown,Unknown,0,N/A
2025-04-15 20:54:02,0052400121,2025-04-15 07:00 PM PST,GSW,82,MEM,80,Q3 4:25,3,PT04M25.00S,Unknown,Unknown,Unknown,0,N/A
2025-04-15 20:54:02,0052400101,2025-04-15 04:30 PM PST,ORL,120,ATL,95,Final,4,,Unknown,Unknown,Unknown,0,N/A
2025-04-15 20:56:57,0052400121,2025-04-15 07:00 PM PST,GSW,85,MEM,83,Q3 3:31,3,PT03M31.00S,Unknown,Unknown,Unknown,0,N/A
2025-04-15 20:56:57,0052400101,2025-04-15 04:30 PM PST,ORL,120,ATL,95,Final,4,,Unknown,Unknown,Unknown,0,N/A
2025-04-15 20:57:01,0052400121,2025-04-15 07:00 PM PST,GSW,85,MEM,83,Q3 3:31,3,PT03M31.00S,Unknown,Unknown,Unknown,0,N/A
2025-04-15 20:57:01,0052400101,2025-04-15 04:30 PM PST,ORL,120,ATL,95,Final,4,,Unknown,Unknown,Unknown,0,N/A
2025-04-15 23:02:49,0052400101,2025-04-15 04:30 PM PST,ORL,120,ATL,95,Final,4,,Unknown,Unknown,Unknown,0,N/A
2025-04-15 23:02:49,0052400121,2025-04-15 07:00 PM PST,GSW,121,MEM,116,Final,4,,Unknown,Unknown,Unknown,0,N/A
2025-04-15 23:05:56,0052400101,2025-04-15 04:30 PM PST,ORL,120,ATL,95,Final,4,,Unknown,Unknown,Unknown,0,N/A
2025-04-15 23:05:56,0052400121,2025-04-15 07:00 PM PST,GSW,121,MEM,116,Final,4,,Unknown,Unknown,Unknown,0,N/A
2025-04-15 23:06:10,0052400101,2025-04-15 04:30 PM PST,ORL,120,ATL,95,Final,4,,Unknown,Unknown,Unknown,0,N/A
2025-04-15 23:06:10,0052400121,2025-04-15 07:00 PM PST,GSW,121,MEM,116,Final,4,,Unknown,Unknown,Unknown,0,N/A
2025-04-15 23:30:18,0052400101,2025-04-15 04:30 PM PST,ORL,120,ATL,95,Final,4,,Unknown,Unknown,Unknown,0,N/A
2025-04-15 23:30:18,0052400121,2025-04-15 07:00 PM PST,GSW,121,MEM,116,Final,4,,Unknown,Unknown,Unknown,0,N/A
2025-04-15 23:30:27,0052400101,2025-04-15 04:30 PM PST,ORL,120,ATL,95,Final,4,,Unknown,Unknown,Unknown,0,N/A
2025-04-15 23:30:27,0052400121,2025-04-15 07:00 PM PST,GSW,121,MEM,116,Final,4,,Unknown,Unknown,Unknown,0,N/A
2025-04-15 23:30:33,0052400101,2025-04-15 04:30 PM PST,ORL,120,ATL,95,Final,4,,Unknown,Unknown,Unknown,0,N/A
2025-04-15 23:30:33,0052400121,2025-04-15 07:00 PM PST,GSW,121,MEM,116,Final,4,,Unknown,Unknown,Unknown,0,N/A
2025-04-15 23:30:39,0052400101,2025-04-15 04:30 PM PST,ORL,120,ATL,95,Final,4,,Unknown,Unknown,Unknown,0,N/A
2025-04-15 23:30:39,0052400121,2025-04-15 07:00 PM PST,GSW,121,MEM,116,Final,4,,Unknown,Unknown,Unknown,0,N/A
2025-04-15 23:31:08,0052400101,2025-04-15 04:30 PM PST,ORL,120,ATL,95,Final,4,,Unknown,Unknown,Unknown,0,N/A
2025-04-15 23:31:08,0052400121,2025-04-15 07:00 PM PST,GSW,121,MEM,116,Final,4,,Unknown,Unknown,Unknown,0,N/A
2025-04-15 23:31:14,0052400101,2025-04-15 04:30 PM PST,ORL,120,ATL,95,Final,4,,Unknown,Unknown,Unknown,0,N/A
2025-04-15 23:31:14,0052400121,2025-04-15 07:00 PM PST,GSW,121,MEM,116,Final,4,,Unknown,Unknown,Unknown,0,N/A
2025-04-15 23:31:23,0052400101,2025-04-15 04:30 PM PST,ORL,120,ATL,95,Final,4,,Unknown,Unknown,Unknown,0,N/A
2025-04-15 23:31:23,0052400121,2025-04-15 07:00 PM PST,GSW,121,MEM,116,Final,4,,Unknown,Unknown,Unknown,0,N/A
2025-04-15 23:31:28,0052400101,2025-04-15 04:30 PM PST,ORL,120,ATL,95,Final,4,,Unknown,Unknown,Unknown,0,N/A
2025-04-15 23:31:28,0052400121,2025-04-15 07:00 PM PST,GSW,121,MEM,116,Final,4,,Unknown,Unknown,Unknown,0,N/A
2025-04-27 19:22:30,0042400134,2025-04-27 06:30 PM PST,MIL,35,IND,42,Q2 7:08,2,PT07M08.00S,Unknown,Unknown,Unknown,0,N/A
2025-04-27 19:22:30,0042400124,2025-04-27 10:00 AM PST,DET,93,NYK,94,Final,4,,Unknown,Unknown,Unknown,0,N/A
2025-04-27 19:22:30,0042400164,2025-04-27 12:30 PM PST,MIN,116,LAL,113,Final,4,,Unknown,Unknown,Unknown,0,N/A
2025-04-27 19:22:30,0042400114,2025-04-27 04:00 PM PST,ORL,98,BOS,107,Final,4,,Unknown,Unknown,Unknown,0,N/A
2025-04-27 19:22:33,0042400134,2025-04-27 06:30 PM PST,MIL,35,IND,42,Q2 7:08,2,PT07M08.00S,Unknown,Unknown,Unknown,0,N/A
2025-04-27 19:22:33,0042400124,2025-04-27 10:00 AM PST,DET,93,NYK,94,Final,4,,Unknown,Unknown,Unknown,0,N/A
2025-04-27 19:22:34,0042400164,2025-04-27 12:30 PM PST,MIN,116,LAL,113,Final,4,,Unknown,Unknown,Unknown,0,N/A
2025-04-27 19:22:34,0042400114,2025-04-27 04:00 PM PST,ORL,98,BOS,107,Final,4,,Unknown,Unknown,Unknown,0,N/A
2025-04-27 19:42:24,0042400124,2025-04-27 10:00 AM PST,DET,93,NYK,94,Final,4,,Unknown,Unknown,Unknown,0,N/A
2025-04-27 19:42:24,0042400164,2025-04-27 12:30 PM PST,MIN,116,LAL,113,Final,4,,Unknown,Unknown,Unknown,0,N/A
2025-04-27 19:42:24,0042400114,2025-04-27 04:00 PM PST,ORL,98,BOS,107,Final,4,,Unknown,Unknown,Unknown,0,N/A
2025-04-27 19:42:24,0042400134,2025-04-27 06:30 PM PST,MIL,43,IND,55,2nd Qtr             ,2,PT04M17.00S,Unknown,Unknown,Unknown,0,N/A
2025-04-27 19:42:33,0042400134,2025-04-27 06:30 PM PST,MIL,52,IND,63,Half,2,PT00M00.00S,Unknown,Unknown,Unknown,0,N/A
2025-04-27 19:42:33,0042400124,2025-04-27 10:00 AM PST,DET,93,NYK,94,Final,4,,Unknown,Unknown,Unknown,0,N/A
2025-04-27 19:42:33,0042400164,2025-04-27 12:30 PM PST,MIN,116,LAL,113,Final,4,,Unknown,Unknown,Unknown,0,N/A
2025-04-27 19:42:33,0042400114,2025-04-27 04:00 PM PST,ORL,98,BOS,107,Final,4,,Unknown,Unknown,Unknown,0,N/A
2025-04-27 19:43:20,0042400134,2025-04-27 06:30 PM PST,MIL,52,IND,63,Half,2,PT00M00.00S,Unknown,Unknown,Unknown,0,N/A
2025-04-27 19:43:20,0042400124,2025-04-27 10:00 AM PST,DET,93,NYK,94,Final,4,,Unknown,Unknown,Unknown,0,N/A
2025-04-27 19:43:20,0042400164,2025-04-27 12:30 PM PST,MIN,116,LAL,113,Final,4,,Unknown,Unknown,Unknown,0,N/A
2025-04-27 19:43:20,0042400114,2025-04-27 04:00 PM PST,ORL,98,BOS,107,Final,4,,Unknown,Unknown,Unknown,0,N/A
2025-04-27 19:43:30,0042400134,2025-04-27 06:30 PM PST,MIL,52,IND,63,Half,2,PT00M00.00S,Unknown,Unknown,Unknown,0,N/A
2025-04-27 19:43:30,0042400124,2025-04-27 10:00 AM PST,DET,93,NYK,94,Final,4,,Unknown,Unknown,Unknown,0,N/A
2025-04-27 19:43:30,0042400164,2025-04-27 12:30 PM PST,MIN,116,LAL,113,Final,4,,Unknown,Unknown,Unknown,0,N/A
2025-04-27 19:43:30,0042400114,2025-04-27 04:00 PM PST,ORL,98,BOS,107,Final,4,,Unknown,Unknown,Unknown,0,N/A
2025-04-27 19:44:09,0042400134,2025-04-27 06:30 PM PST,MIL,52,IND,63,Half,2,PT00M00.00S,Unknown,Unknown,Unknown,0,N/A
2025-04-27 19:44:09,0042400124,2025-04-27 10:00 AM PST,DET,93,NYK,94,Final,4,,Unknown,Unknown,Unknown,0,N/A
2025-04-27 19:44:09,0042400164,2025-04-27 12:30 PM PST,MIN,116,LAL,113,Final,4,,Unknown,Unknown,Unknown,0,N/A
2025-04-27 19:44:09,0042400114,2025-04-27 04:00 PM PST,ORL,98,BOS,107,Final,4,,Unknown,Unknown,Unknown,0,N/A
2025-04-27 19:47:16,0042400134,2025-04-27 06:30 PM PST,MIL,52,IND,63,Half,2,PT00M00.00S,Unknown,Unknown,Unknown,0,N/A
2025-04-27 19:47:16,0042400124,2025-04-27 10:00 AM PST,DET,93,NYK,94,Final,4,,Unknown,Unknown,Unknown,0,N/A
2025-04-27 19:47:16,0042400164,2025-04-27 12:30 PM PST,MIN,116,LAL,113,Final,4,,Unknown,Unknown,Unknown,0,N/A
2025-04-27 19:47:16,0042400114,2025-04-27 04:00 PM PST,ORL,98,BOS,107,Final,4,,Unknown,Unknown,Unknown,0,N/A
2025-04-27 20:03:00,0042400134,2025-04-27 06:30 PM PST,MIL,56,IND,69,Q3 9:48,3,PT09M48.00S,Unknown,Unknown,Unknown,0,N/A
2025-04-27 20:03:00,0042400124,2025-04-27 10:00 AM PST,DET,93,NYK,94,Final,4,,Unknown,Unknown,Unknown,0,N/A
2025-04-27 20:03:00,0042400164,2025-04-27 12:30 PM PST,MIN,116,LAL,113,Final,4,,Unknown,Unknown,Unknown,0,N/A
2025-04-27 20:03:00,0042400114,2025-04-27 04:00 PM PST,ORL,98,BOS,107,Final,4,,Unknown,Unknown,Unknown,0,N/A
2025-04-27 20:03:02,0042400134,2025-04-27 06:30 PM PST,MIL,56,IND,69,Q3 9:48,3,PT09M48.00S,Unknown,Unknown,Unknown,0,N/A
2025-04-27 20:03:02,0042400124,2025-04-27 10:00 AM PST,DET,93,NYK,94,Final,4,,Unknown,Unknown,Unknown,0,N/A
2025-04-27 20:03:02,0042400164,2025-04-27 12:30 PM PST,MIN,116,LAL,113,Final,4,,Unknown,Unknown,Unknown,0,N/A
2025-04-27 20:03:02,0042400114,2025-04-27 04:00 PM PST,ORL,98,BOS,107,Final,4,,Unknown,Unknown,Unknown,0,N/A
2025-05-18 18:22:48,0042400227,2025-05-18 12:30 PM PST,OKC,125,DEN,93,Final,4,,Unknown,Unknown,Unknown,0,N/A
2025-05-18 18:22:52,0042400227,2025-05-18 12:30 PM PST,OKC,125,DEN,93,Final,4,,Unknown,Unknown,Unknown,0,N/A
2025-05-18 18:23:03,0042400227,2025-05-18 12:30 PM PST,OKC,125,DEN,93,Final,4,,Unknown,Unknown,Unknown,0,N/A
2025-05-18 18:23:13,0042400227,2025-05-18 12:30 PM PST,OKC,125,DEN,93,Final,4,,Unknown,Unknown,Unknown,0,N/A
2025-05-18 18:23:26,0042400227,2025-05-18 12:30 PM PST,OKC,125,DEN,93,Final,4,,Unknown,Unknown,Unknown,0,N/A
2025-05-18 18:23:48,0042400227,2025-05-18 12:30 PM PST,OKC,125,DEN,93,Final,4,,Unknown,Unknown,Unknown,0,N/A
2025-05-18 18:24:19,0042400227,2025-05-18 12:30 PM PST,OKC,125,DEN,93,Final,4,,Unknown,Unknown,Unknown,0,N/A
2025-05-18 18:24:26,0042400227,2025-05-18 12:30 PM PST,OKC,125,DEN,93,Final,4,,Unknown,Unknown,Unknown,0,N/A
2025-05-18 18:24:38,0042400227,2025-05-18 12:30 PM PST,OKC,125,DEN,93,Final,4,,Unknown,Unknown,Unknown,0,N/A
2025-05-18 18:25:31,0042400227,2025-05-18 12:30 PM PST,OKC,125,DEN,93,Final,4,,Unknown,Unknown,Unknown,0,N/A
2025-05-18 18:25:37,0042400227,2025-05-18 12:30 PM PST,OKC,125,DEN,93,Final,4,,Unknown,Unknown,Unknown,0,N/A
2025-05-18 18:25:49,0042400227,2025-05-18 12:30 PM PST,OKC,125,DEN,93,Final,4,,Unknown,Unknown,Unknown,0,N/A
2025-05-18 18:26:00,0042400227,2025-05-18 12:30 PM PST,OKC,125,DEN,93,Final,4,,Unknown,Unknown,Unknown,0,N/A
2025-05-18 18:26:09,0042400227,2025-05-18 12:30 PM PST,OKC,125,DEN,93,Final,4,,Unknown,Unknown,Unknown,0,N/A
2025-05-18 18:26:15,0042400227,2025-05-18 12:30 PM PST,OKC,125,DEN,93,Final,4,,Unknown,Unknown,Unknown,0,N/A
2025-05-18 18:26:33,0042400227,2025-05-18 12:30 PM PST,OKC,125,DEN,93,Final,4,,Unknown,Unknown,Unknown,0,N/A
2025-05-18 18:38:18,0042400227,2025-05-18 12:30 PM PST,OKC,125,DEN,93,Final,4,,Unknown,Unknown,Unknown,0,N/A
2025-05-18 18:38:48,0042400227,2025-05-18 12:30 PM PST,OKC,125,DEN,93,Final,4,,Unknown,Unknown,Unknown,0,N/A
2025-05-18 18:44:36,0042400227,2025-05-18 12:30 PM PST,OKC,125,DEN,93,Final,4,,Unknown,Unknown,Unknown,0,N/A
2025-05-18 18:44:40,0042400227,2025-05-18 12:30 PM PST,OKC,125,DEN,93,Final,4,,Unknown,Unknown,Unknown,0,N/A
2025-05-18 18:48:42,0042400227,2025-05-18 12:30 PM PST,OKC,125,DEN,93,Final,4,,Unknown,Unknown,Unknown,0,N/A
2025-05-18 18:49:54,0042400227,2025-05-18 12:30 PM PST,OKC,125,DEN,93,Final,4,,Unknown,Unknown,Unknown,0,N/A
2025-05-18 18:50:02,0042400227,2025-05-18 12:30 PM PST,OKC,125,DEN,93,Final,4,,Unknown,Unknown,Unknown,0,N/A
2025-05-18 18:50:17,0042400227,2025-05-18 12:30 PM PST,OKC,125,DEN,93,Final,4,,Unknown,Unknown,Unknown,0,N/A
2025-05-18 18:52:01,0042400227,2025-05-18 12:30 PM PST,OKC,125,DEN,93,Final,4,,Unknown,Unknown,Unknown,0,N/A
2025-05-18 18:58:33,0042400227,2025-05-18 12:30 PM PST,OKC,125,DEN,93,Final,4,,Unknown,Unknown,Unknown,0,N/A
2025-05-18 18:58:44,0042400227,2025-05-18 12:30 PM PST,OKC,125,DEN,93,Final,4,,Unknown,Unknown,Unknown,0,N/A
2025-05-18 19:10:51,0042400227,2025-05-18 12:30 PM PST,OKC,125,DEN,93,Final,4,,Unknown,Unknown,Unknown,0,N/A
2025-05-18 19:14:08,0042400227,2025-05-18 12:30 PM PST,OKC,125,DEN,93,Final,4,,Unknown,Unknown,Unknown,0,N/A
2025-05-18 19:14:12,0042400227,2025-05-18 12:30 PM PST,OKC,125,DEN,93,Final,4,,Unknown,Unknown,Unknown,0,N/A
2025-05-27 18:41:42,0042400304,2025-05-27 05:00 PM PST,IND,83,NYK,77,Q3 5:40,3,PT05M40.00S,Unknown,Unknown,Unknown,0,N/A
2025-05-27 18:41:52,0042400304,2025-05-27 05:00 PM PST,IND,76,NYK,64,3rd Qtr             ,3,PT09M26.00S,Unknown,Unknown,Unknown,0,N/A
2025-05-27 18:41:58,0042400304,2025-05-27 05:00 PM PST,IND,76,NYK,64,3rd Qtr             ,3,PT09M26.00S,Unknown,Unknown,Unknown,0,N/A
2025-05-27 18:44:19,0042400304,2025-05-27 05:00 PM PST,IND,85,NYK,77,Q3 5:19,3,PT05M19.00S,Unknown,Unknown,Unknown,0,N/A
2025-05-27 18:44:24,0042400304,2025-05-27 05:00 PM PST,IND,85,NYK,77,Q3 5:18,3,PT05M18.00S,Unknown,Unknown,Unknown,0,N/A
2025-05-27 18:46:37,0042400304,2025-05-27 05:00 PM PST,IND,85,NYK,77,Q3 5:18,3,PT05M18.00S,Unknown,Unknown,Unknown,0,N/A
2025-05-27 18:54:31,0042400304,2025-05-27 05:00 PM PST,IND,93,NYK,84,Q3 2:26,3,PT02M26.00S,Unknown,Unknown,Unknown,0,N/A
2025-05-27 18:54:41,0042400304,2025-05-27 05:00 PM PST,IND,93,NYK,84,Q3 2:26,3,PT02M26.00S,Unknown,Unknown,Unknown,0,N/A
2025-05-27 18:55:03,0042400304,2025-05-27 05:00 PM PST,IND,93,NYK,84,Q3 2:26,3,PT02M26.00S,Unknown,Unknown,Unknown,0,N/A
2025-05-27 18:57:43,0042400304,2025-05-27 05:00 PM PST,IND,93,NYK,87,Q3 1:24,3,PT01M24.00S,Unknown,Unknown,Unknown,0,N/A
2025-05-27 18:58:48,0042400304,2025-05-27 05:00 PM PST,IND,89,NYK,83,3rd Qtr             ,3,PT03M59.00S,Unknown,Unknown,Unknown,0,N/A
2025-05-27 19:03:58,0042400304,2025-05-27 05:00 PM PST,IND,101,NYK,91,Q3 :01.1,3,PT00M01.10S,Unknown,Unknown,Unknown,0,N/A
2025-05-27 19:04:10,0042400304,2025-05-27 05:00 PM PST,IND,101,NYK,91,Q3 :01.1,3,PT00M01.10S,Unknown,Unknown,Unknown,0,N/A
2025-05-27 19:04:21,0042400304,2025-05-27 05:00 PM PST,IND,102,NYK,91,Q3 :01.1,3,PT00M01.10S,Unknown,Unknown,Unknown,0,N/A
2025-05-27 19:04:47,0042400304,2025-05-27 05:00 PM PST,IND,102,NYK,91,END Q3,3,PT00M00.00S,Unknown,Unknown,Unknown,0,N/A
2025-05-27 19:04:58,0042400304,2025-05-27 05:00 PM PST,IND,102,NYK,91,END Q3,3,PT00M00.00S,Unknown,Unknown,Unknown,0,N/A
2025-05-27 19:05:11,0042400304,2025-05-27 05:00 PM PST,IND,99,NYK,89,3rd Qtr             ,3,PT00M55.00S,Unknown,Unknown,Unknown,0,N/A
2025-05-27 19:05:23,0042400304,2025-05-27 05:00 PM PST,IND,102,NYK,91,END Q3,3,PT00M00.00S,Unknown,Unknown,Unknown,0,N/A
2025-05-27 19:10:31,0042400304,2025-05-27 05:00 PM PST,IND,108,NYK,96,Q4 10:00,4,PT10M00.00S,Unknown,Unknown,Unknown,0,N/A
2025-05-27 19:10:54,0042400304,2025-05-27 05:00 PM PST,IND,111,NYK,96,Q4 9:52,4,PT09M52.00S,Unknown,Unknown,Unknown,0,N/A
2025-05-27 19:11:52,0042400304,2025-05-27 05:00 PM PST,IND,111,NYK,96,Q4 9:52,4,PT09M52.00S,Unknown,Unknown,Unknown,0,N/A
2025-05-27 19:11:56,0042400304,2025-05-27 05:00 PM PST,IND,111,NYK,96,Q4 9:52,4,PT09M52.00S,Unknown,Unknown,Unknown,0,N/A
2025-05-27 19:13:13,0042400304,2025-05-27 05:00 PM PST,IND,111,NYK,96,Q4 9:52,4,PT09M52.00S,Unknown,Unknown,Unknown,0,N/A
2025-05-27 19:13:23,0042400304,2025-05-27 05:00 PM PST,IND,111,NYK,96,Q4 9:52,4,PT09M52.00S,Unknown,Unknown,Unknown,0,N/A
2025-05-27 19:13:46,0042400304,2025-05-27 05:00 PM PST,IND,111,NYK,96,Q4 9:52,4,PT09M52.00S,Unknown,Unknown,Unknown,0,N/A
2025-05-27 19:13:50,0042400304,2025-05-27 05:00 PM PST,IND,111,NYK,96,Q4 9:52,4,PT09M52.00S,Unknown,Unknown,Unknown,0,N/A
2025-05-27 19:22:38,0042400304,2025-05-27 05:00 PM PST,IND,113,NYK,100,Q4 6:31,4,PT06M31.00S,Unknown,Unknown,Unknown,0,N/A
2025-05-27 19:22:41,0042400304,2025-05-27 05:00 PM PST,IND,113,NYK,100,Q4 6:31,4,PT06M31.00S,Unknown,Unknown,Unknown,0,N/A
2025-05-27 19:23:09,0042400304,2025-05-27 05:00 PM PST,IND,113,NYK,101,Q4 6:31,4,PT06M31.00S,Unknown,Unknown,Unknown,0,N/A
2025-06-02 17:30:59,0042400307,2025-06-02 05:00 PM PST,NYK,0,IND,0,8:00 pm PST,0,,Unknown,Unknown,Unknown,0,N/A
2025-06-02 17:31:03,0042400307,2025-06-02 05:00 PM PST,NYK,0,IND,0,8:00 pm PST,0,,Unknown,Unknown,Unknown,0,N/A
2025-06-02 21:56:44,0042400307,2025-06-02 05:00 PM PST,NYK,0,IND,0,8:00 pm PST,0,,Unknown,Unknown,Unknown,0,N/A
2025-06-02 21:58:04,0042400307,2025-06-02 05:00 PM PST,NYK,0,IND,0,8:00 pm PST,0,,Unknown,Unknown,Unknown,0,N/A
2025-06-02 21:58:08,0042400307,2025-06-02 05:00 PM PST,NYK,0,IND,0,8:00 pm PST,0,,Unknown,Unknown,Unknown,0,N/A
2025-06-02 22:48:24,0042400307,2025-06-02 05:00 PM PST,NYK,0,IND,0,8:00 pm PST,0,,Unknown,Unknown,Unknown,0,N/A
2025-06-02 22:55:42,0042400307,2025-06-02 05:00 PM PST,NYK,0,IND,0,8:00 pm PST,0,,Unknown,Unknown,Unknown,0,N/A
2025-06-02 22:56:44,0042400307,2025-06-02 05:00 PM PST,NYK,0,IND,0,8:00 pm PST,0,,Unknown,Unknown,Unknown,0,N/A
2025-06-02 22:56:49,0042400307,2025-06-02 05:00 PM PST,NYK,0,IND,0,8:00 pm PST,0,,Unknown,Unknown,Unknown,0,N/A
2025-06-02 23:03:02,0042400307,2025-06-02 05:00 PM PST,NYK,0,IND,0,8:00 pm PST,0,,Unknown,Unknown,Unknown,0,N/A
2025-06-02 23:03:06,0042400307,2025-06-02 05:00 PM PST,NYK,0,IND,0,8:00 pm PST,0,,Unknown,Unknown,Unknown,0,N/A
2025-06-02 23:03:25,0042400307,2025-06-02 05:00 PM PST,NYK,0,IND,0,8:00 pm PST,0,,Unknown,Unknown,Unknown,0,N/A
2025-06-02 23:03:38,0042400307,2025-06-02 05:00 PM PST,NYK,0,IND,0,8:00 pm PST,0,,Unknown,Unknown,Unknown,0,N/A
2025-06-02 23:03:42,0042400307,2025-06-02 05:00 PM PST,NYK,0,IND,0,8:00 pm PST,0,,Unknown,Unknown,Unknown,0,N/A
2025-06-02 23:08:24,0042400307,2025-06-02 05:00 PM PST,NYK,0,IND,0,8:00 pm PST,0,,Unknown,Unknown,Unknown,0,N/A
2025-06-02 23:12:18,0042400307,2025-06-02 05:00 PM PST,NYK,0,IND,0,8:00 pm PST,0,,Unknown,Unknown,Unknown,0,N/A
2025-06-13 22:56:04,0042400404,2025-06-13 05:30 PM PST,IND,104,OKC,111,Final,4,,Unknown,Unknown,Unknown,0,N/A
2025-06-13 22:56:07,0042400404,2025-06-13 05:30 PM PST,IND,104,OKC,111,Final,4,,Unknown,Unknown,Unknown,0,N/A
